dip,dib,rm,ind_corr,v_corr,perc_juros,v_juros,rm_atual,v_ant,v_atual,soma,parcelas,p_ant,p_atual
01/07/2024,01/01/2015,788,1.49701303,1179.64626764,0.2992,352.950163277888,1532.596430917888,76000.75897438482,8719.241025615176,84720.0,108,108,6
01/07/2024,01/02/2015,788,1.48380715,1169.2400342,0.2992,349.83661823264003,1519.07665243264,76000.75897438482,8719.241025615176,84720.0,107,107,6
01/07/2024,01/03/2015,788,1.46433154,1153.8932535200001,0.2992,345.24486145318406,1499.1381149731842,76000.75897438482,8719.241025615176,84720.0,106,106,6
01/07/2024,01/04/2015,788,1.44639623,1139.76022924,0.2992,341.016260588608,1480.776489828608,76000.75897438482,8719.241025615176,84720.0,105,105,6
01/07/2024,01/05/2015,788,1.43108363,1127.69390044,0.2992,337.40601501164804,1465.099915451648,76000.75897438482,8719.241025615176,84720.0,104,104,6
01/07/2024,01/06/2015,788,1.42254834,1120.96809192,0.2992,335.39365310246404,1456.361745022464,76000.75897438482,8719.241025615176,84720.0,103,103,6
01/07/2024,01/07/2015,788,1.40860317,1109.97929796,0.2992,332.105805949632,1442.085103909632,76000.75897438482,8719.241025615176,84720.0,102,102,6
01/07/2024,01/08/2015,788,1.40034116,1103.46883408,0.2992,330.15787515673605,1433.6267092367361,76000.75897438482,8719.241025615176,84720.0,101,101,6
01/07/2024,01/09/2015,788,1.39434547,1098.74423036,0.2992,328.74427372371207,1427.488504083712,76000.75897438482,8719.241025615176,84720.0,100,100,6
01/07/2024,01/10/2015,788,1.38892865,1094.4757762,0.2992,327.46715223904,1421.9429284390399,76000.75897438482,8719.241025615176,84720.0,99,99,6
01/07/2024,01/11/2015,788,1.37982183,1087.29960204,0.2992,325.32004093036807,1412.6196429703682,76000.75897438482,8719.241025615176,84720.0,98,98,6
01/07/2024,01/12/2015,788,1.36819219,1078.13544572,0.2992,322.578125359424,1400.7135710794241,76000.75897438482,8719.241025615176,84720.0,97,97,6
01/07/2024,01/01/2016,880,1.35223581,1189.9675128000001,0.2992,356.0382798297601,1546.0057926297602,76000.75897438482,8719.241025615176,84720.0,96,96,6
01/07/2024,01/02/2016,880,1.33990865,1179.119612,0.2992,352.7925879104,1531.9121999104,76000.75897438482,8719.241025615176,84720.0,95,95,6
01/07/2024,01/03/2016,880,1.32114834,1162.6105392,0.2992,347.85307332864,1510.46361252864,76000.75897438482,8719.241025615176,84720.0,94,94,6
01/07/2024,01/04/2016,880,1.31549173,1157.6327224,0.2992,346.36371054208,1503.99643294208,76000.75897438482,8719.241025615176,84720.0,93,93,6
01/07/2024,01/05/2016,880,1.30881676,1151.7587488,0.2992,344.60621764096,1496.36496644096,76000.75897438482,8719.241025615176,84720.0,92,92,6
01/07/2024,01/06/2016,880,1.29765691,1141.9380807999999,0.2992,341.66787377535996,1483.6059545753599,76000.75897438482,8719.241025615176,84720.0,91,91,6
01/07/2024,01/07/2016,880,1.29248697,1137.3885335999998,0.2992,340.30664925312,1477.6951828531198,76000.75897438482,8719.241025615176,84720.0,90,90,6
01/07/2024,01/08/2016,880,1.28554502,1131.2796176,0.2992,338.47886158592,1469.75847918592,76000.75897438482,8719.241025615176,84720.0,89,89,6
01/07/2024,01/09/2016,880,1.27978599,1126.2116712,0.2992,336.96253202304,1463.17420322304,76000.75897438482,8719.241025615176,84720.0,88,88,6
01/07/2024,01/10/2016,880,1.27684923,1123.6273224000001,0.2992,336.1892948620801,1459.8166172620802,76000.75897438482,8719.241025615176,84720.0,87,87,6
01/07/2024,01/11/2016,880,1.27442782,1121.4964816000002,0.2992,335.5517472947201,1457.0482288947203,76000.75897438482,8719.241025615176,84720.0,86,86,6
01/07/2024,01/12/2016,880,1.2711229,1118.588152,0.2992,334.68157507840004,1453.2697270784001,76000.75897438482,8719.241025615176,84720.0,85,85,6
01/07/2024,01/01/2017,937,1.26871235,1188.78347195,0.2992,355.68401480744,1544.46748675744,76000.75897438482,8719.241025615176,84720.0,84,84,6
01/07/2024,01/02/2017,937,1.26479149,1185.10962613,0.2992,354.584800138096,1539.6944262680959,76000.75897438482,8719.241025615176,84720.0,83,83,6
01/07/2024,01/03/2017,937,1.2579983,1178.7444071,0.2992,352.68032660432004,1531.42473370432,76000.75897438482,8719.241025615176,84720.0,82,82,6
01/07/2024,01/04/2017,937,1.25611413,1176.9789398100002,0.2992,352.15209879115207,1529.1310386011523,76000.75897438482,8719.241025615176,84720.0,81,81,6
01/07/2024,01/05/2017,937,1.25348182,1174.51246534,0.2992,351.41412962972805,1525.926594969728,76000.75897438482,8719.241025615176,84720.0,80,80,6
01/07/2024,01/06/2017,937,1.25048067,1171.70038779,0.2992,350.572756026768,1522.273143816768,76000.75897438482,8719.241025615176,84720.0,79,79,6
01/07/2024,01/07/2017,937,1.24848309,1169.82865533,0.2992,350.012733674736,1519.841389004736,76000.75897438482,8719.241025615176,84720.0,78,78,6
01/07/2024,01/08/2017,937,1.25073442,1171.9381515399998,0.2992,350.64389494076795,1522.5820464807678,76000.75897438482,8719.241025615176,84720.0,77,77,6
01/07/2024,01/09/2017,937,1.24637211,1167.85066707,0.2992,349.42091958734403,1517.2715866573442,76000.75897438482,8719.241025615176,84720.0,76,76,6
01/07/2024,01/10/2017,937,1.24500261,1166.56744557,0.2992,349.03697971454403,1515.604425284544,76000.75897438482,8719.241025615176,84720.0,75,75,6
01/07/2024,01/11/2017,937,1.24078394,1162.61455178,0.2992,347.85427389257603,1510.468825672576,76000.75897438482,8719.241025615176,84720.0,74,74,6
01/07/2024,01/12/2017,937,1.2368261,1158.9060557,0.2992,346.74469186544,1505.65074756544,76000.75897438482,8719.241025615176,84720.0,73,73,6
01/07/2024,01/01/2018,954,1.23251231,1175.81674374,0.2992,351.804369727008,1527.621113467008,76000.75897438482,8719.241025615176,84720.0,72,72,6
01/07/2024,01/02/2018,954,1.22772418,1171.2488677200001,0.2992,350.43766122182404,1521.6865289418242,76000.75897438482,8719.241025615176,84720.0,71,71,6
01/07/2024,01/03/2018,954,1.22307649,1166.81497146,0.2992,349.111039460832,1515.926010920832,76000.75897438482,8719.241025615176,84720.0,70,70,6
01/07/2024,01/04/2018,954,1.22185464,1165.6493265600002,0.2992,348.76227850675207,1514.4116050667521,76000.75897438482,8719.241025615176,84720.0,69,69,6
01/07/2024,01/05/2018,954,1.21929412,1163.20659048,0.2992,348.031411871616,1511.238002351616,76000.75897438482,8719.241025615176,84720.0,68,68,6
01/07/2024,01/06/2018,954,1.2175895,1161.5803830000002,0.2992,347.5448505936001,1509.1252335936003,76000.75897438482,8719.241025615176,84720.0,67,67,6
01/07/2024,01/07/2018,954,1.20422262,1148.82837948,0.2992,343.729451140416,1492.557830620416,76000.75897438482,8719.241025615176,84720.0,66,66,6
01/07/2024,01/08/2018,954,1.19656461,1141.52263794,0.2992,341.54357327164803,1483.0662112116481,76000.75897438482,8719.241025615176,84720.0,65,65,6
01/07/2024,01/09/2018,954,1.1950111,1140.0405894,0.2992,341.10014434848006,1481.1407337484802,76000.75897438482,8719.241025615176,84720.0,64,64,6
01/07/2024,01/10/2018,954,1.19393655,1139.0154687000002,0.2992,340.7934282350401,1479.8088969350401,76000.75897438482,8719.241025615176,84720.0,63,63,6
01/07/2024,01/11/2018,954,1.18705165,1132.4472741,0.2992,338.82822441072,1471.27549851072,76000.75897438482,8719.241025615176,84720.0,62,62,6
01/07/2024,01/12/2018,954,1.18480053,1130.29970562,0.2992,338.185671921504,1468.485377541504,76000.75897438482,8719.241025615176,84720.0,61,61,6
01/07/2024,01/01/2019,998,1.18669925,1184.3258515,0.2992,354.35029476880004,1538.6761462688,76000.75897438482,8719.241025615176,84720.0,60,60,6
01/07/2024,01/02/2019,998,1.1831498,1180.7835004,0.2992,353.29042331968003,1534.0739237196801,76000.75897438482,8719.241025615176,84720.0,59,59,6
01/07/2024,01/03/2019,998,1.17914072,1176.78243856,0.2992,352.093305617152,1528.875744177152,76000.75897438482,8719.241025615176,84720.0,58,58,6
01/07/2024,01/04/2019,998,1.17280756,1170.4619448800001,0.2992,350.20221390809604,1520.6641587880963,76000.75897438482,8719.241025615176,84720.0,57,57,6
01/07/2024,01/05/2019,998,1.16442371,1162.09486258,0.2992,347.698782883936,1509.793645463936,76000.75897438482,8719.241025615176,84720.0,56,56,6
01/07/2024,01/06/2019,998,1.16036244,1158.0417151200002,0.2992,346.4860811639041,1504.5277962839043,76000.75897438482,8719.241025615176,84720.0,55,55,6
01/07/2024,01/07/2019,998,1.15966664,1157.34730672,0.2992,346.278314170624,1503.625620890624,76000.75897438482,8719.241025615176,84720.0,54,54,6
01/07/2024,01/08/2019,998,1.15862388,1156.30663224,0.2992,345.966944366208,1502.273576606208,76000.75897438482,8719.241025615176,84720.0,53,53,6
01/07/2024,01/09/2019,998,1.15769772,1155.3823245600001,0.2992,345.6903915083521,1501.0727160683523,76000.75897438482,8719.241025615176,84720.0,52,52,6
01/07/2024,01/10/2019,998,1.15665673,1154.34341654,0.2992,345.379550228768,1499.722966768768,75856.39463657852,8719.241025615176,84575.6356621937,51,51,6
01/07/2024,01/11/2019,998,1.15561668,1153.3054466400001,0.2992,345.0689896346881,1498.3744362746882,74357.3459350568,8719.241025615176,83076.58696067198,50,50,6
01/07/2024,01/12/2019,998,1.15400108,1151.6930778400001,0.2992,344.5865688897281,1496.2796467297283,72860.01889355459,8719.241025615176,81579.25991916977,49,49,6
01/07/2024,01/01/2020,1039,1.14200997,1186.5483588299999,0.2992,355.015268961936,1541.563627791936,71341.09725629375,8719.241025615176,80060.33828190893,48,48,6
01/07/2024,01/02/2020,1045,1.13395886,1184.9870087,0.2992,354.54811300304,1539.53512170304,69800.54788154627,8719.241025615176,78519.78890716145,47,47,6
01/07/2024,01/03/2020,1045,1.13146963,1182.38576335,0.2992,353.76982039432,1536.15558374432,68262.70252882259,8719.241025615176,76981.94355443776,46,46,6
01/07/2024,01/04/2020,1045,1.13124338,1182.1493320999998,0.2992,353.69908016432,1535.84841226432,66726.70053081827,8719.241025615176,75445.94155643345,45,45,6
01/07/2024,01/05/2020,1045,1.13135652,1182.2675634,0.2992,353.73445496928,1536.00201836928,65190.77531550147,8719.241025615176,73910.01634111664,44,44,6
01/07/2024,01/06/2020,1045,1.13807114,1189.2843413,0.2992,355.83387491696004,1545.11821621696,63650.21519820835,8719.241025615176,72369.45622382352,43,43,6
01/07/2024,01/07/2020,1045,1.13784357,1189.04653065,0.2992,355.76272197048,1544.80925262048,62105.25146378963,8719.241025615176,70824.4924894048,42,42,6
01/07/2024,01/08/2020,1045,1.13444025,1185.4900612499998,0.2992,354.69862632599995,1540.1886875759997,60562.7524936914,8719.241025615176,69281.99351930658,41,41,6
01/07/2024,01/09/2020,1045,1.13183702,1182.7696859,0.2992,353.88469002128005,1536.65437592128,59024.33096194275,8719.241025615176,67743.57198755792,40,40,6
01/07/2024,01/10/2020,1045,1.12676657,1177.4710656500001,0.2992,352.2993428424801,1529.7704084924803,57491.118569735874,8719.241025615176,66210.35959535105,39,39,6
01/07/2024,01/11/2020,1045,1.1162736,1166.505912,0.2992,349.01856887040003,1515.5244808704,55968.471125054435,8719.241025615176,64687.71215066961,38,38,6
01/07/2024,01/12/2020,1045,1.10730444,1157.1331398,0.2992,346.21423542816,1503.34737522816,54459.035197005156,8719.241025615176,63178.276222620334,37,37,6
01/07/2024,01/01/2021,1100,1.09569012,1205.259132,0.2992,360.6135322944,1565.8726642943998,52924.42517724388,8719.241025615176,61643.66620285906,36,36,6
01/07/2024,01/02/2021,1100,1.08720988,1195.9308680000001,0.2992,357.8225157056001,1553.7533837056003,51364.61215324388,8719.241025615176,60083.853178859055,35,35,6
01/07/2024,01/03/2021,1100,1.08201621,1190.217831,0.2992,356.1131750352,1546.3310060352,49814.569958373475,8719.241025615176,58533.81098398865,34,34,6
01/07/2024,01/04/2021,1100,1.07204618,1179.250798,0.2992,352.8318387616,1532.0826367616,48275.36313697507,8719.241025615176,56994.60416259025,33,33,6
01/07/2024,01/05/2021,1100,1.06565226,1172.217486,0.2992,350.7274718112,1522.9449578112,46747.84933968867,8719.241025615176,55467.09036530385,32,32,6
01/07/2024,01/06/2021,1100,1.06098393,1167.0823229999999,0.2992,349.19103104159996,1516.2733540415998,45228.24018376227,8719.241025615176,53947.481209377445,31,31,6
01/07/2024,01/07/2021,1100,1.05225026,1157.475286,0.2992,346.31660557120006,1503.7918915712003,43718.20756095586,8719.241025615176,52437.44858657104,30,30,6
01/07/2024,01/08/2021,1100,1.04472821,1149.2010309999998,0.2992,343.8409484752,1493.0419794751997,42219.790625432666,8719.241025615176,50939.031651047844,29,29,6
01/07/2024,01/09/2021,1100,1.03551216,1139.0633759999998,0.2992,340.8077620992,1479.8711380992,40733.33406664546,8719.241025615176,49452.57509226064,28,28,6
01/07/2024,01/10/2021,1100,1.02384038,1126.224418,0.2992,336.96634586560003,1463.1907638656,39261.80311566306,8719.241025615176,47981.04414127824,27,27,6
01/07/2024,01/11/2021,1100,1.01169998,1112.869978,0.2992,332.97069741760004,1445.8406754175999,37807.287396021464,8719.241025615176,46526.52842163664,26,26,6
01/07/2024,01/12/2021,1100,0.99999998,1099.999978,0.2992,329.1199934176,1429.1199714176,36369.80707260386,8719.241025615176,45089.048098219035,25,25,6
01/07/2024,01/01/2022,1212,0.99999998,1211.99997576,0.2915,353.29799293404,1565.29796869404,34872.59810254804,8719.241025615176,43591.83912816322,24,24,6
01/07/2024,01/02/2022,1212,0.99999998,1211.99997576,0.2842,344.450393110992,1556.4503688709922,33311.72393376553,8719.241025615176,42030.964959380704,23,23,6
01/07/2024,01/03/2022,1212,0.99999998,1211.99997576,0.2766,335.23919329521607,1547.2391690552163,31759.879164802423,8719.241025615176,40479.1201904176,22,22,6
01/07/2024,01/04/2022,1212,0.99999998,1211.99997576,0.2673,323.967593520648,1535.9675692806481,30218.27579563449,8719.241025615176,38937.516821249665,21,21,6
01/07/2024,01/05/2022,1212,0.99999998,1211.99997576,0.259,313.90799372184006,1525.9079694818402,28687.338026253245,8719.241025615176,37406.57905186842,20,20,6
01/07/2024,01/06/2022,1212,0.99999998,1211.99997576,0.2487,301.424393971512,1513.4243697315121,27167.67185664657,8719.241025615176,35886.91288226175,19,19,6
01/07/2024,01/07/2022,1212,0.99999998,1211.99997576,0.2385,289.06199421876,1501.06196997876,25660.428686791438,8719.241025615176,34379.66971240661,18,18,6
01/07/2024,01/08/2022,1212,0.99999998,1211.99997576,0.2282,276.578394468432,1488.578370228432,24165.60851668784,8719.241025615176,32884.84954230302,17,17,6
01/07/2024,01/09/2022,1212,0.99999998,1211.99997576,0.2165,262.39799475204,1474.39797051204,22684.120346317606,8719.241025615176,31403.361371932784,16,16,6
01/07/2024,01/10/2022,1212,0.99999998,1211.99997576,0.2058,249.42959501140803,1461.4295707714082,21216.206575675882,8719.241025615176,29935.44760129106,15,15,6
01/07/2024,01/11/2022,1212,0.99999998,1211.99997576,0.1956,237.06719525865603,1449.0671710186562,19760.958204780847,8719.241025615176,28480.19923039602,14,14,6
01/07/2024,01/12/2022,1212,0.99999998,1211.99997576,0.1854,224.70479550590403,1436.7047712659041,18318.07223363857,8719.241025615176,27037.313259253744,13,13,6
01/07/2024,01/01/2023,1302,0.99999998,1301.99997396,0.1742,226.808395463832,1528.8083694238321,16835.315663293703,8719.241025615176,25554.55668890888,12,12,6
01/07/2024,01/02/2023,1302,0.99999998,1301.99997396,0.163,212.22599575548,1514.22596971548,15313.798493724045,8719.241025615176,24033.03951933922,11,11,6
01/07/2024,01/03/2023,1302,0.99999998,1301.99997396,0.1538,200.247595995048,1502.247569955048,13805.56172388878,8719.241025615176,22524.802749503957,10,10,6
01/07/2024,01/04/2023,1302,0.99999998,1301.99997396,0.1421,185.01419629971602,1487.0141702597161,12310.930853781398,8719.241025615176,21030.171879396574,9,9,6
01/07/2024,01/05/2023,1320,0.99999998,1319.9999736,0.1329,175.42799649143998,1495.4279700914399,10819.70978360582,8719.241025615176,19538.950809220994,8,8,6
01/07/2024,01/06/2023,1320,0.99999998,1319.9999736,0.1217,160.64399678712,1480.64397038712,9331.673813366542,8719.241025615176,18050.91483898172,7,7,6
01/07/2024,01/07/2023,1320,0.99999998,1319.9999736,0.111,146.5199970696,1466.5199706696,7858.091842838181,8719.241025615176,16577.332868453355,6,6,6
01/07/2024,01/08/2023,1320,0.99999998,1319.9999736,0.1003,132.39599735208,1452.39597095208,6398.633872027341,8719.241025615176,15117.874897642516,5,5,6
01/07/2024,01/09/2023,1320,0.99999998,1319.9999736,0.0889,117.34799765304001,1437.34797125304,4953.76190092478,8719.241025615176,13673.002926539957,4,4,6
01/07/2024,01/10/2023,1320,0.99999998,1319.9999736,0.0792,104.54399790912001,1424.54397150912,3522.815929543701,8719.241025615176,12242.056955158878,3,3,6
01/07/2024,01/11/2023,1320,0.99999998,1319.9999736,0.0692,91.34399817312,1411.34397177312,2104.871957902581,8719.241025615176,10824.112983517756,2,2,6
01/07/2024,01/12/2023,1320,0.99999998,1319.9999736,0.06,79.199998416,1399.199972016,699.5999860080209,8719.241025615176,9418.841011623197,1,1,6
01/07/2024,01/01/2024,1412,0.99999998,1411.99997176,0.0511,72.153198556936,1484.1531703169362,0.0,7977.164440456708,7977.164440456708,1,0,6
01/07/2024,01/02/2024,1412,0.99999998,1411.99997176,0.0414,58.456798830864,1470.4567705908642,0.0,6499.859470002807,6499.859470002807,2,0,6
01/07/2024,01/03/2024,1412,0.99999998,1411.99997176,0.0334,47.160799056784,1459.1607708167842,0.0,5035.050699298983,5035.050699298983,3,0,6
01/07/2024,01/04/2024,1412,0.99999998,1411.99997176,0.0251,35.441199291176005,1447.441171051176,0.0,3581.7497283650036,3581.7497283650036,4,0,6
01/07/2024,01/05/2024,1412,0.99999998,1411.99997176,0.0162,22.874399542512002,1434.8743713025121,0.0,2140.5919571881595,2140.5919571881595,5,0,6
01/07/2024,01/06/2024,1412,0.99999998,1411.99997176,0.0079,11.154799776904001,1423.154771536904,0.0,711.5773857684516,711.5773857684516,6,0,6
01/08/2024,01/01/2015,788,1.49701,1179.64627,0.3083,363.68494,1543.33121,74498.8146,10221.1854,84720.0,108,108,7
01/08/2024,01/02/2015,788,1.48381,1169.24003,0.3083,360.4767,1529.71674,74498.8146,10221.1854,84720.0,107,107,7
01/08/2024,01/03/2015,788,1.46433,1153.89325,0.3083,355.74529,1509.63854,74498.8146,10221.1854,84720.0,106,106,7
01/08/2024,01/04/2015,788,1.4464,1139.76023,0.3083,351.38808,1491.14831,74498.8146,10221.1854,84720.0,105,105,7
01/08/2024,01/05/2015,788,1.43108,1127.6939,0.3083,347.66803,1475.36193,74498.8146,10221.1854,84720.0,104,104,7
01/08/2024,01/06/2015,788,1.42255,1120.96809,0.3083,345.59446,1466.56255,74498.8146,10221.1854,84720.0,103,103,7
01/08/2024,01/07/2015,788,1.4086,1109.9793,0.3083,342.20662,1452.18592,74498.8146,10221.1854,84720.0,102,102,7
01/08/2024,01/08/2015,788,1.40034,1103.46883,0.3083,340.19944,1443.66828,74498.8146,10221.1854,84720.0,101,101,7
01/08/2024,01/09/2015,788,1.39435,1098.74423,0.3083,338.74285,1437.48708,74498.8146,10221.1854,84720.0,100,100,7
01/08/2024,01/10/2015,788,1.38893,1094.47578,0.3083,337.42688,1431.90266,74498.8146,10221.1854,84720.0,99,99,7
01/08/2024,01/11/2015,788,1.37982,1087.2996,0.3083,335.21447,1422.51407,74498.8146,10221.1854,84720.0,98,98,7
01/08/2024,01/12/2015,788,1.36819,1078.13545,0.3083,332.38916,1410.5246,74498.8146,10221.1854,84720.0,97,97,7
01/08/2024,01/01/2016,880,1.35224,1189.96751,0.3083,366.86698,1556.8345,74498.8146,10221.1854,84720.0,96,96,7
01/08/2024,01/02/2016,880,1.33991,1179.11961,0.3083,363.52258,1542.64219,74498.8146,10221.1854,84720.0,95,95,7
01/08/2024,01/03/2016,880,1.32115,1162.61054,0.3083,358.43283,1521.04337,74498.8146,10221.1854,84720.0,94,94,7
01/08/2024,01/04/2016,880,1.31549,1157.63272,0.3083,356.89817,1514.53089,74498.8146,10221.1854,84720.0,93,93,7
01/08/2024,01/05/2016,880,1.30882,1151.75875,0.3083,355.08722,1506.84597,74498.8146,10221.1854,84720.0,92,92,7
01/08/2024,01/06/2016,880,1.29766,1141.93808,0.3083,352.05951,1493.99759,74498.8146,10221.1854,84720.0,91,91,7
01/08/2024,01/07/2016,880,1.29249,1137.38853,0.3083,350.65688,1488.04542,74498.8146,10221.1854,84720.0,90,90,7
01/08/2024,01/08/2016,880,1.28555,1131.27962,0.3083,348.77351,1480.05312,74498.8146,10221.1854,84720.0,89,89,7
01/08/2024,01/09/2016,880,1.27979,1126.21167,0.3083,347.21106,1473.42273,74498.8146,10221.1854,84720.0,88,88,7
01/08/2024,01/10/2016,880,1.27685,1123.62732,0.3083,346.4143,1470.04163,74498.8146,10221.1854,84720.0,87,87,7
01/08/2024,01/11/2016,880,1.27443,1121.49648,0.3083,345.75737,1467.25385,74498.8146,10221.1854,84720.0,86,86,7
01/08/2024,01/12/2016,880,1.27112,1118.58815,0.3083,344.86073,1463.44888,74498.8146,10221.1854,84720.0,85,85,7
01/08/2024,01/01/2017,937,1.26871,1188.78347,0.3083,366.50194,1555.28542,74498.8146,10221.1854,84720.0,84,84,7
01/08/2024,01/02/2017,937,1.26479,1185.10963,0.3083,365.3693,1550.47892,74498.8146,10221.1854,84720.0,83,83,7
01/08/2024,01/03/2017,937,1.258,1178.74441,0.3083,363.4069,1542.15131,74498.8146,10221.1854,84720.0,82,82,7
01/08/2024,01/04/2017,937,1.25611,1176.97894,0.3083,362.86261,1539.84155,74498.8146,10221.1854,84720.0,81,81,7
01/08/2024,01/05/2017,937,1.25348,1174.51247,0.3083,362.10219,1536.61466,74498.8146,10221.1854,84720.0,80,80,7
01/08/2024,01/06/2017,937,1.25048,1171.70039,0.3083,361.23523,1532.93562,74498.8146,10221.1854,84720.0,79,79,7
01/08/2024,01/07/2017,937,1.24848,1169.82866,0.3083,360.65817,1530.48683,74498.8146,10221.1854,84720.0,78,78,7
01/08/2024,01/08/2017,937,1.25073,1171.93815,0.3083,361.30853,1533.24668,74498.8146,10221.1854,84720.0,77,77,7
01/08/2024,01/09/2017,937,1.24637,1167.85067,0.3083,360.04836,1527.89903,74498.8146,10221.1854,84720.0,76,76,7
01/08/2024,01/10/2017,937,1.245,1166.56745,0.3083,359.65274,1526.22019,74498.8146,10221.1854,84720.0,75,75,7
01/08/2024,01/11/2017,937,1.24078,1162.61455,0.3083,358.43407,1521.04862,74498.8146,10221.1854,84720.0,74,74,7
01/08/2024,01/12/2017,937,1.23683,1158.90606,0.3083,357.29074,1516.19679,74498.8146,10221.1854,84720.0,73,73,7
01/08/2024,01/01/2018,954,1.23251,1175.81674,0.3083,362.5043,1538.32105,74498.8146,10221.1854,84720.0,72,72,7
01/08/2024,01/02/2018,954,1.22772,1171.24887,0.3083,361.09603,1532.34489,74498.8146,10221.1854,84720.0,71,71,7
01/08/2024,01/03/2018,954,1.22308,1166.81497,0.3083,359.72906,1526.54403,74498.8146,10221.1854,84720.0,70,70,7
01/08/2024,01/04/2018,954,1.22185,1165.64933,0.3083,359.36969,1525.01901,74498.8146,10221.1854,84720.0,69,69,7
01/08/2024,01/05/2018,954,1.21929,1163.20659,0.3083,358.61659,1521.82318,74498.8146,10221.1854,84720.0,68,68,7
01/08/2024,01/06/2018,954,1.21759,1161.58038,0.3083,358.11523,1519.69562,74498.8146,10221.1854,84720.0,67,67,7
01/08/2024,01/07/2018,954,1.20422,1148.82838,0.3083,354.18379,1503.01217,74498.8146,10221.1854,84720.0,66,66,7
01/08/2024,01/08/2018,954,1.19656,1141.52264,0.3083,351.93143,1493.45407,74498.8146,10221.1854,84720.0,65,65,7
01/08/2024,01/09/2018,954,1.19501,1140.04059,0.3083,351.47451,1491.5151,74498.8146,10221.1854,84720.0,64,64,7
01/08/2024,01/10/2018,954,1.19394,1139.01547,0.3083,351.15847,1490.17394,74498.8146,10221.1854,84720.0,63,63,7
01/08/2024,01/11/2018,954,1.18705,1132.44727,0.3083,349.13349,1481.58077,74498.8146,10221.1854,84720.0,62,62,7
01/08/2024,01/12/2018,954,1.1848,1130.29971,0.3083,348.4714,1478.7711,74498.8146,10221.1854,84720.0,61,61,7
01/08/2024,01/01/2019,998,1.1867,1184.32585,0.3083,365.12766,1549.45351,74498.8146,10221.1854,84720.0,60,60,7
01/08/2024,01/02/2019,998,1.18315,1180.7835,0.3083,364.03555,1544.81905,74498.8146,10221.1854,84720.0,59,59,7
01/08/2024,01/03/2019,998,1.17914,1176.78244,0.3083,362.80203,1539.58446,74498.8146,10221.1854,84720.0,58,58,7
01/08/2024,01/04/2019,998,1.17281,1170.46194,0.3083,360.85342,1531.31536,74498.8146,10221.1854,84720.0,57,57,7
01/08/2024,01/05/2019,998,1.16442,1162.09486,0.3083,358.27385,1520.36871,74498.8146,10221.1854,84720.0,56,56,7
01/08/2024,01/06/2019,998,1.16036,1158.04172,0.3083,357.02426,1515.06598,74498.8146,10221.1854,84720.0,55,55,7
01/08/2024,01/07/2019,998,1.15967,1157.34731,0.3083,356.81017,1514.15748,74498.8146,10221.1854,84720.0,54,54,7
01/08/2024,01/08/2019,998,1.15862,1156.30663,0.3083,356.48933,1512.79597,74498.8146,10221.1854,84720.0,53,53,7
01/08/2024,01/09/2019,998,1.1577,1155.38232,0.3083,356.20437,1511.5867,74498.8146,10221.1854,84720.0,52,52,7
01/08/2024,01/10/2019,998,1.15666,1154.34342,0.3083,355.88408,1510.22749,74498.8146,10221.1854,84720.0,51,51,7
01/08/2024,01/11/2019,998,1.15562,1153.30545,0.3083,355.56407,1508.86952,74498.8146,10221.1854,84720.0,50,50,7
01/08/2024,01/12/2019,998,1.154,1151.69308,0.3083,355.06698,1506.76005,73396.45186,10221.1854,83617.63725,49,49,7
01/08/2024,01/01/2020,1039,1.14201,1186.54836,0.3083,365.81286,1552.36122,71866.89122,10221.1854,82088.07662,48,48,7
01/08/2024,01/02/2020,1045,1.13396,1184.98701,0.3083,365.33149,1550.3185,70315.55136,10221.1854,80536.73676,47,47,7
01/08/2024,01/03/2020,1045,1.13147,1182.38576,0.3083,364.52953,1546.91529,68766.93446,10221.1854,78988.11986,46,46,7
01/08/2024,01/04/2020,1045,1.13124,1182.14933,0.3083,364.45664,1546.60597,67220.17383,10221.1854,77441.35922,45,45,7
01/08/2024,01/05/2020,1045,1.13136,1182.26756,0.3083,364.49309,1546.76065,65673.49052,10221.1854,75894.67591,44,44,7
01/08/2024,01/06/2020,1045,1.13807,1189.28434,0.3083,366.65636,1555.9407,64122.13984,10221.1854,74343.32523,43,43,7
01/08/2024,01/07/2020,1045,1.13784,1189.04653,0.3083,366.58305,1555.62958,62566.3547,10221.1854,72787.54009,42,42,7
01/08/2024,01/08/2020,1045,1.13444,1185.49006,0.3083,365.48659,1550.97665,61013.05159,10221.1854,71234.23698,41,41,7
01/08/2024,01/09/2020,1045,1.13184,1182.76969,0.3083,364.64789,1547.41758,59463.85447,10221.1854,69685.03987,40,40,7
01/08/2024,01/10/2020,1045,1.12677,1177.47107,0.3083,363.01433,1540.4854,57919.90298,10221.1854,68141.08838,39,39,7
01/08/2024,01/11/2020,1045,1.11627,1166.50591,0.3083,359.63377,1526.13968,56386.59044,10221.1854,66607.77584,38,38,7
01/08/2024,01/12/2020,1045,1.1073,1157.13314,0.3083,356.74415,1513.87729,54866.58196,10221.1854,65087.76735,37,37,7
01/08/2024,01/01/2021,1100,1.09569,1205.25913,0.3083,371.58139,1576.84052,53321.22305,10221.1854,63542.40845,36,36,7
01/08/2024,01/02/2021,1100,1.08721,1195.93087,0.3083,368.70549,1564.63635,51750.48462,10221.1854,61971.67001,35,35,7
01/08/2024,01/03/2021,1100,1.08202,1190.21783,0.3083,366.94416,1557.16199,50189.58544,10221.1854,60410.77084,34,34,7
01/08/2024,01/04/2021,1100,1.07205,1179.2508,0.3083,363.56302,1542.81382,48639.59754,10221.1854,58860.78294,33,33,7
01/08/2024,01/05/2021,1100,1.06565,1172.21749,0.3083,361.39465,1533.61214,47101.38456,10221.1854,57322.56996,32,32,7
01/08/2024,01/06/2021,1100,1.06098,1167.08232,0.3083,359.81148,1526.8938,45571.13159,10221.1854,55792.31699,31,31,7
01/08/2024,01/07/2021,1100,1.05225,1157.47529,0.3083,356.84963,1514.32492,44050.52223,10221.1854,54271.70763,30,30,7
01/08/2024,01/08/2021,1100,1.04473,1149.20103,0.3083,354.29868,1503.49971,42541.60992,10221.1854,52762.79532,29,29,7
01/08/2024,01/09/2021,1100,1.03551,1139.06338,0.3083,351.17324,1490.23661,41044.74176,10221.1854,51265.92715,28,28,7
01/08/2024,01/10/2021,1100,1.02384,1126.22442,0.3083,347.21499,1473.43941,39562.90375,10221.1854,49784.08914,27,27,7
01/08/2024,01/11/2021,1100,1.0117,1112.86998,0.3083,343.09781,1455.96779,38098.20015,10221.1854,48319.38554,26,26,7
01/08/2024,01/12/2021,1100,1.0,1099.99998,0.3083,339.12999,1439.12997,36650.65127,10221.1854,46871.83666,25,25,7
01/08/2024,01/01/2022,1212,1.0,1211.99998,0.3006,364.32719,1576.32717,35142.9227,10221.1854,45364.10809,24,24,7
01/08/2024,01/02/2022,1212,1.0,1211.99998,0.2933,355.47959,1567.47957,33571.01933,10221.1854,43792.20472,23,23,7
01/08/2024,01/03/2022,1212,1.0,1211.99998,0.2857,346.26839,1558.26837,32008.14536,10221.1854,42229.33076,22,22,7
01/08/2024,01/04/2022,1212,1.0,1211.99998,0.2764,334.99679,1546.99677,30455.51279,10221.1854,40676.69819,21,21,7
01/08/2024,01/05/2022,1212,1.0,1211.99998,0.2681,324.93719,1536.93717,28913.54582,10221.1854,39134.73122,20,20,7
01/08/2024,01/06/2022,1212,1.0,1211.99998,0.2578,312.45359,1524.45357,27382.85045,10221.1854,37604.03585,19,19,7
01/08/2024,01/07/2022,1212,1.0,1211.99998,0.2476,300.09119,1512.09117,25864.57808,10221.1854,36085.76348,18,18,7
01/08/2024,01/08/2022,1212,1.0,1211.99998,0.2373,287.60759,1499.60757,24358.72871,10221.1854,34579.91411,17,17,7
01/08/2024,01/09/2022,1212,1.0,1211.99998,0.2256,273.42719,1485.42717,22866.21134,10221.1854,33087.39674,16,16,7
01/08/2024,01/10/2022,1212,1.0,1211.99998,0.2149,260.45879,1472.45877,21387.26837,10221.1854,31608.45377,15,15,7
01/08/2024,01/11/2022,1212,1.0,1211.99998,0.2047,248.0964,1460.09637,19920.9908,10221.1854,30142.1762,14,14,7
01/08/2024,01/12/2022,1212,1.0,1211.99998,0.1945,235.734,1447.73397,18467.07563,10221.1854,28688.26103,13,13,7
01/08/2024,01/01/2023,1302,1.0,1301.99997,0.1833,238.6566,1540.65657,16972.88036,10221.1854,27194.06576,12,12,7
01/08/2024,01/02/2023,1302,1.0,1301.99997,0.1721,224.0742,1526.07417,15439.51499,10221.1854,25660.70039,11,11,7
01/08/2024,01/03/2023,1302,1.0,1301.99997,0.1629,212.0958,1514.09577,13919.43002,10221.1854,24140.61542,10,10,7
01/08/2024,01/04/2023,1302,1.0,1301.99997,0.1512,196.8624,1498.86237,12412.95095,10221.1854,22634.13635,9,9,7
01/08/2024,01/05/2023,1320,1.0,1319.99997,0.142,187.44,1507.43997,10909.79978,10221.1854,21130.98518,8,8,7
01/08/2024,01/06/2023,1320,1.0,1319.99997,0.1308,172.656,1492.65597,9409.75181,10221.1854,19630.93721,7,7,7
01/08/2024,01/07/2023,1320,1.0,1319.99997,0.1201,158.532,1478.53197,7924.15784,10221.1854,18145.34324,6,6,7
01/08/2024,01/08/2023,1320,1.0,1319.99997,0.1094,144.408,1464.40797,6452.68787,10221.1854,16673.87327,5,5,7
01/08/2024,01/09/2023,1320,1.0,1319.99997,0.098,129.36,1449.35997,4995.8039,10221.1854,15216.9893,4,4,7
01/08/2024,01/10/2023,1320,1.0,1319.99997,0.0883,116.556,1436.55597,3552.84593,10221.1854,13774.03132,3,3,7
01/08/2024,01/11/2023,1320,1.0,1319.99997,0.0783,103.356,1423.35597,2122.88996,10221.1854,12344.07535,2,2,7
01/08/2024,01/12/2023,1320,1.0,1319.99997,0.0691,91.212,1411.21197,705.60599,10221.1854,10926.79138,1,1,7
01/08/2024,01/01/2024,1412,1.0,1411.99997,0.0602,85.0024,1497.00237,0.0,9472.68421,9472.68421,1,0,7
01/08/2024,01/02/2024,1412,1.0,1411.99997,0.0505,71.306,1483.30597,0.0,7982.53004,7982.53004,2,0,7
01/08/2024,01/03/2024,1412,1.0,1411.99997,0.0425,60.01,1472.00997,0.0,6504.87207,6504.87207,3,0,7
01/08/2024,01/04/2024,1412,1.0,1411.99997,0.0342,48.2904,1460.29037,0.0,5038.7219,5038.7219,4,0,7
01/08/2024,01/05/2024,1412,1.0,1411.99997,0.0253,35.7236,1447.72357,0.0,3584.71493,3584.71493,5,0,7
01/08/2024,01/06/2024,1412,1.0,1411.99997,0.017,24.004,1436.00397,0.0,2142.85116,2142.85116,6,0,7
01/08/2024,01/07/2024,1412,1.0,1411.99997,0.0091,12.8492,1424.84917,0.0,712.42459,712.42459,7,0,7
01/08/2024,01/08/2024,1412,0.0,0.0,0,0.0,0.0,0.0,0.0,0.0,8,0,7
01/09/2024,01/01/2015,788,1.49701303,1179.64626764,0.3173,374.301760722172,1553.948028362172,72985.57423468852,11734.42576531148,84720.0,108,108,8
01/09/2024,01/02/2015,788,1.48380715,1169.2400342,0.3173,370.99986285166005,1540.2398970516601,72985.57423468852,11734.42576531148,84720.0,107,107,8
01/09/2024,01/03/2015,788,1.46433154,1153.8932535200001,0.3173,366.1303293418961,1520.023582861896,72985.57423468852,11734.42576531148,84720.0,106,106,8
01/09/2024,01/04/2015,788,1.44639623,1139.76022924,0.3173,361.645920737852,1501.406149977852,72985.57423468852,11734.42576531148,84720.0,105,105,8
01/09/2024,01/05/2015,788,1.43108363,1127.69390044,0.3173,357.81727460961207,1485.5111750496121,72985.57423468852,11734.42576531148,84720.0,104,104,8
01/09/2024,01/06/2015,788,1.42254834,1120.96809192,0.3173,355.68317556621605,1476.651267486216,72985.57423468852,11734.42576531148,84720.0,103,103,8
01/09/2024,01/07/2015,788,1.40860317,1109.97929796,0.3173,352.196431242708,1462.175729202708,72985.57423468852,11734.42576531148,84720.0,102,102,8
01/09/2024,01/08/2015,788,1.40034116,1103.46883408,0.3173,350.13066105358405,1453.5994951335842,72985.57423468852,11734.42576531148,84720.0,101,101,8
01/09/2024,01/09/2015,788,1.39434547,1098.74423036,0.3173,348.63154429322805,1447.375774653228,72985.57423468852,11734.42576531148,84720.0,100,100,8
01/09/2024,01/10/2015,788,1.38892865,1094.4757762,0.3173,347.27716378826,1441.7529399882599,72985.57423468852,11734.42576531148,84720.0,99,99,8
01/09/2024,01/11/2015,788,1.37982183,1087.29960204,0.3173,345.00016372729203,1432.2997657672922,72985.57423468852,11734.42576531148,84720.0,98,98,8
01/09/2024,01/12/2015,788,1.36819219,1078.13544572,0.3173,342.09237692695604,1420.2278226469562,72985.57423468852,11734.42576531148,84720.0,97,97,8
01/09/2024,01/01/2016,880,1.35223581,1189.9675128000001,0.3173,377.57669181144007,1567.5442046114401,72985.57423468852,11734.42576531148,84720.0,96,96,8
01/09/2024,01/02/2016,880,1.33990865,1179.119612,0.3173,374.1346528876,1553.2542648876,72985.57423468852,11734.42576531148,84720.0,95,95,8
01/09/2024,01/03/2016,880,1.32114834,1162.6105392,0.3173,368.89632408816004,1531.50686328816,72985.57423468852,11734.42576531148,84720.0,94,94,8
01/09/2024,01/04/2016,880,1.31549173,1157.6327224,0.3173,367.31686281752,1524.94958521752,72985.57423468852,11734.42576531148,84720.0,93,93,8
01/09/2024,01/05/2016,880,1.30881676,1151.7587488,0.3173,365.45305099424,1517.21179979424,72985.57423468852,11734.42576531148,84720.0,92,92,8
01/09/2024,01/06/2016,880,1.29765691,1141.9380807999999,0.3173,362.33695303784,1504.2750338378398,72985.57423468852,11734.42576531148,84720.0,91,91,8
01/09/2024,01/07/2016,880,1.29248697,1137.3885335999998,0.3173,360.89338171127997,1498.2819153112798,72985.57423468852,11734.42576531148,84720.0,90,90,8
01/09/2024,01/08/2016,880,1.28554502,1131.2796176,0.3173,358.95502266448,1490.2346402644798,72985.57423468852,11734.42576531148,84720.0,89,89,8
01/09/2024,01/09/2016,880,1.27978599,1126.2116712,0.3173,357.34696327176,1483.55863447176,72985.57423468852,11734.42576531148,84720.0,88,88,8
01/09/2024,01/10/2016,880,1.27684923,1123.6273224000001,0.3173,356.52694939752007,1480.1542717975203,72985.57423468852,11734.42576531148,84720.0,87,87,8
01/09/2024,01/11/2016,880,1.27442782,1121.4964816000002,0.3173,355.85083361168006,1477.3473152116803,72985.57423468852,11734.42576531148,84720.0,86,86,8
01/09/2024,01/12/2016,880,1.2711229,1118.588152,0.3173,354.92802062960004,1473.5161726296,72985.57423468852,11734.42576531148,84720.0,85,85,8
01/09/2024,01/01/2017,937,1.26871235,1188.78347195,0.3173,377.20099564973503,1565.984467599735,72985.57423468852,11734.42576531148,84720.0,84,84,8
01/09/2024,01/02/2017,937,1.26479149,1185.10962613,0.3173,376.035284371049,1561.1449105010488,72985.57423468852,11734.42576531148,84720.0,83,83,8
01/09/2024,01/03/2017,937,1.2579983,1178.7444071,0.3173,374.01560037283,1552.76000747283,72985.57423468852,11734.42576531148,84720.0,82,82,8
01/09/2024,01/04/2017,937,1.25611413,1176.9789398100002,0.3173,373.45541760171307,1550.4343574117133,72985.57423468852,11734.42576531148,84720.0,81,81,8
01/09/2024,01/05/2017,937,1.25348182,1174.51246534,0.3173,372.67280525238203,1547.185270592382,72985.57423468852,11734.42576531148,84720.0,80,80,8
01/09/2024,01/06/2017,937,1.25048067,1171.70038779,0.3173,371.780533045767,1543.480920835767,72985.57423468852,11734.42576531148,84720.0,79,79,8
01/09/2024,01/07/2017,937,1.24848309,1169.82865533,0.3173,371.186632336209,1541.015287666209,72985.57423468852,11734.42576531148,84720.0,78,78,8
01/09/2024,01/08/2017,937,1.25073442,1171.9381515399998,0.3173,371.855975483642,1543.7941270236417,72985.57423468852,11734.42576531148,84720.0,77,77,8
01/09/2024,01/09/2017,937,1.24637211,1167.85066707,0.3173,370.55901666131103,1538.4096837313111,72985.57423468852,11734.42576531148,84720.0,76,76,8
01/09/2024,01/10/2017,937,1.24500261,1166.56744557,0.3173,370.15185047936103,1536.719296049361,72985.57423468852,11734.42576531148,84720.0,75,75,8
01/09/2024,01/11/2017,937,1.24078394,1162.61455178,0.3173,368.89759727979407,1531.5121490597942,72985.57423468852,11734.42576531148,84720.0,74,74,8
01/09/2024,01/12/2017,937,1.2368261,1158.9060557,0.3173,367.72089147361004,1526.62694717361,72985.57423468852,11734.42576531148,84720.0,73,73,8
01/09/2024,01/01/2018,954,1.23251231,1175.81674374,0.3173,373.08665278870205,1548.9033965287022,72985.57423468852,11734.42576531148,84720.0,72,72,8
01/09/2024,01/02/2018,954,1.22772418,1171.2488677200001,0.3173,371.6372657275561,1542.8861334475562,72985.57423468852,11734.42576531148,84720.0,71,71,8
01/09/2024,01/03/2018,954,1.22307649,1166.81497146,0.3173,370.23039044425803,1537.045361904258,72985.57423468852,11734.42576531148,84720.0,70,70,8
01/09/2024,01/04/2018,954,1.22185464,1165.6493265600002,0.3173,369.8605313174881,1535.5098578774882,72985.57423468852,11734.42576531148,84720.0,69,69,8
01/09/2024,01/05/2018,954,1.21929412,1163.20659048,0.3173,369.085451159304,1532.292041639304,72985.57423468852,11734.42576531148,84720.0,68,68,8
01/09/2024,01/06/2018,954,1.2175895,1161.5803830000002,0.3173,368.5694555259001,1530.1498385259003,72985.57423468852,11734.42576531148,84720.0,67,67,8
01/09/2024,01/07/2018,954,1.20422262,1148.82837948,0.3173,364.52324480900404,1513.3516242890041,72985.57423468852,11734.42576531148,84720.0,66,66,8
01/09/2024,01/08/2018,954,1.19656461,1141.52263794,0.3173,362.20513301836206,1503.7277709583623,72985.57423468852,11734.42576531148,84720.0,65,65,8
01/09/2024,01/09/2018,954,1.1950111,1140.0405894,0.3173,361.73487901662,1501.77546841662,72985.57423468852,11734.42576531148,84720.0,64,64,8
01/09/2024,01/10/2018,954,1.19393655,1139.0154687000002,0.3173,361.4096082185101,1500.4250769185103,72985.57423468852,11734.42576531148,84720.0,63,63,8
01/09/2024,01/11/2018,954,1.18705165,1132.4472741,0.3173,359.32552007193004,1491.77279417193,72985.57423468852,11734.42576531148,84720.0,62,62,8
01/09/2024,01/12/2018,954,1.18480053,1130.29970562,0.3173,358.64409659322604,1488.943802213226,72985.57423468852,11734.42576531148,84720.0,61,61,8
01/09/2024,01/01/2019,998,1.18669925,1184.3258515,0.3173,375.78659268095004,1560.11244418095,72985.57423468852,11734.42576531148,84720.0,60,60,8
01/09/2024,01/02/2019,998,1.1831498,1180.7835004,0.3173,374.66260467692007,1555.44610507692,72985.57423468852,11734.42576531148,84720.0,59,59,8
01/09/2024,01/03/2019,998,1.17914072,1176.78243856,0.3173,373.393067755088,1550.175506315088,72985.57423468852,11734.42576531148,84720.0,58,58,8
01/09/2024,01/04/2019,998,1.17280756,1170.4619448800001,0.3173,371.38757511042405,1541.8495199904241,72985.57423468852,11734.42576531148,84720.0,57,57,8
01/09/2024,01/05/2019,998,1.16442371,1162.09486258,0.3173,368.732699896634,1530.8275624766338,72985.57423468852,11734.42576531148,84720.0,56,56,8
01/09/2024,01/06/2019,998,1.16036244,1158.0417151200002,0.3173,367.4466362075761,1525.4883513275763,72985.57423468852,11734.42576531148,84720.0,55,55,8
01/09/2024,01/07/2019,998,1.15966664,1157.34730672,0.3173,367.22630042225603,1524.5736071422562,72985.57423468852,11734.42576531148,84720.0,54,54,8
01/09/2024,01/08/2019,998,1.15862388,1156.30663224,0.3173,366.89609440975204,1523.202726649752,72985.57423468852,11734.42576531148,84720.0,53,53,8
01/09/2024,01/09/2019,998,1.15769772,1155.3823245600001,0.3173,366.6028115828881,1521.9851361428882,72985.57423468852,11734.42576531148,84720.0,52,52,8
01/09/2024,01/10/2019,998,1.15665673,1154.34341654,0.3173,366.273166068142,1520.616582608142,72985.57423468852,11734.42576531148,84720.0,51,51,8
01/09/2024,01/11/2019,998,1.15561668,1153.3054466400001,0.3173,365.9438182188721,1519.2492648588723,72985.57423468852,11734.42576531148,84720.0,50,50,8
01/09/2024,01/12/2019,998,1.15400108,1151.6930778400001,0.3173,365.4322135986321,1517.1252914386323,72985.57423468852,11734.42576531148,84720.0,49,49,8
01/09/2024,01/01/2020,1039,1.14200997,1186.5483588299999,0.3173,376.49179425675896,1563.040153086759,72386.90722862277,11734.42576531148,84121.33299393425,48,48,8
01/09/2024,01/02/2020,1045,1.13395886,1184.9870087,0.3173,375.99637786051,1560.9833865605099,70824.89545879915,11734.42576531148,82559.32122411062,47,47,8
01/09/2024,01/03/2020,1045,1.13146963,1182.38576335,0.3173,375.171002710955,1557.556766060955,69265.62538248842,11734.42576531148,81000.0511477999,46,46,8
01/09/2024,01/04/2020,1045,1.13124338,1182.1493320999998,0.3173,375.09598307532997,1557.2453151753298,67708.22434187029,11734.42576531148,79442.65010718176,45,45,8
01/09/2024,01/05/2020,1045,1.13135652,1182.2675634,0.3173,375.13349786682005,1557.40106126682,66150.90115364922,11734.42576531148,77885.3269189607,44,44,8
01/09/2024,01/06/2020,1045,1.13807114,1189.2843413,0.3173,377.35992149449004,1566.64426279449,64588.878491618554,11734.42576531148,76323.30425693003,43,43,8
01/09/2024,01/07/2020,1045,1.13784357,1189.04653065,0.3173,377.28446417524503,1566.330994825245,63022.39086280869,11734.42576531148,74756.81662812017,42,42,8
01/09/2024,01/08/2020,1045,1.13444025,1185.4900612499998,0.3173,376.15599643462497,1561.6460576846248,61458.40233655375,11734.42576531148,73192.82810186523,41,41,8
01/09/2024,01/09/2020,1045,1.13183702,1182.7696859,0.3173,375.29282133607006,1558.0625072360701,59898.54805409341,11734.42576531148,71632.97381940488,40,40,8
01/09/2024,01/10/2020,1045,1.12676657,1177.4710656500001,0.3173,373.61156913074507,1551.0826347807451,58343.975483085,11734.42576531148,70078.40124839648,39,39,8
01/09/2024,01/11/2020,1045,1.1162736,1166.505912,0.3173,370.13232587760007,1536.6382378776002,56800.115046755825,11734.42576531148,68534.54081206731,38,38,8
01/09/2024,01/12/2020,1045,1.10730444,1157.1331398,0.3173,367.15834525854,1524.29148505854,55269.650185287755,11734.42576531148,67004.07595059923,37,37,8
01/09/2024,01/01/2021,1100,1.09569012,1205.259132,0.3173,382.4287225836,1587.6878545835998,53713.66051546669,11734.42576531148,65448.08628077817,36,36,8
01/09/2024,01/02/2021,1100,1.08720988,1195.9308680000001,0.3173,379.4688644164001,1575.3997324164002,52132.11672196669,11734.42576531148,63866.54248727817,35,35,8
01/09/2024,01/03/2021,1100,1.08201621,1190.217831,0.3173,377.6561177763,1567.8739487763,50560.47988137034,11734.42576531148,62294.905646681815,34,34,8
01/09/2024,01/04/2021,1100,1.07204618,1179.250798,0.3173,374.1762782054,1553.4270762054,48999.82936887949,11734.42576531148,60734.25513419097,33,33,8
01/09/2024,01/05/2021,1100,1.06565226,1172.217486,0.3173,371.9446083078,1544.1620943078,47451.03478362288,11734.42576531148,59185.46054893437,32,32,8
01/09/2024,01/06/2021,1100,1.06098393,1167.0823229999999,0.3173,370.3152210879,1537.3975440878999,45910.25496442503,11734.42576531148,57644.680729736516,31,31,8
01/09/2024,01/07/2021,1100,1.05225026,1157.475286,0.3173,367.2669082478001,1524.7421942478002,44379.185095257184,11734.42576531148,56113.61086056866,30,30,8
01/09/2024,01/08/2021,1100,1.04472821,1149.2010309999998,0.3173,364.6414871363,1513.8425181362998,42859.89273906513,11734.42576531148,54594.31850437661,29,29,8
01/09/2024,01/09/2021,1100,1.03551216,1139.0633759999998,0.3173,361.4248092048,1500.4881852047997,41352.72738739458,11734.42576531148,53087.15315270606,28,28,8
01/09/2024,01/10/2021,1100,1.02384038,1126.224418,0.3173,357.3510078314,1483.5754258314,39860.69558187648,11734.42576531148,51595.12134718796,27,27,8
01/09/2024,01/11/2021,1100,1.01169998,1112.869978,0.3173,353.1136440194,1465.9836220194,38385.916057951086,11734.42576531148,50120.34182326257,26,26,8
01/09/2024,01/12/2021,1100,0.99999998,1099.999978,0.3173,349.0299930194,1449.0299710194001,36928.40926143169,11734.42576531148,48662.83502674317,25,25,8
01/09/2024,01/01/2022,1212,0.99999998,1211.99997576,0.3096,375.235192495296,1587.2351682552962,35410.27669179434,11734.42576531148,47144.702457105814,24,24,8
01/09/2024,01/02/2022,1212,0.99999998,1211.99997576,0.3023,366.38759267224805,1578.3875684322481,33827.46532345057,11734.42576531148,45561.891088762044,23,23,8
01/09/2024,01/03/2022,1212,0.99999998,1211.99997576,0.2947,357.17639285647203,1569.1763686164722,32253.683354926205,11734.42576531148,43988.109120237685,22,22,8
01/09/2024,01/04/2022,1212,0.99999998,1211.99997576,0.2854,345.904793081904,1557.9047688419041,30690.14278619702,11734.42576531148,42424.5685515085,21,21,8
01/09/2024,01/05/2022,1212,0.99999998,1211.99997576,0.2771,335.845193283096,1547.8451690430961,29137.267817254517,11734.42576531148,40871.693582566,20,20,8
01/09/2024,01/06/2022,1212,0.99999998,1211.99997576,0.2668,323.361593532768,1535.361569292768,27595.664448086583,11734.42576531148,39330.09021339806,19,19,8
01/09/2024,01/07/2022,1212,0.99999998,1211.99997576,0.2566,310.999193780016,1522.999169540016,26066.484078670193,11734.42576531148,37800.90984398167,18,18,8
01/09/2024,01/08/2022,1212,0.99999998,1211.99997576,0.2463,298.51559402968803,1510.515569789688,24549.726709005343,11734.42576531148,36284.15247431683,17,17,8
01/09/2024,01/09/2022,1212,0.99999998,1211.99997576,0.2346,284.33519431329603,1496.335170073296,23046.30133907385,11734.42576531148,34780.727104385325,16,16,8
01/09/2024,01/10/2022,1212,0.99999998,1211.99997576,0.2239,271.366794572664,1483.3667703326641,21556.45036887087,11734.42576531148,33290.87613418235,15,15,8
01/09/2024,01/11/2022,1212,0.99999998,1211.99997576,0.2137,259.004394819912,1471.0043705799121,20079.26479841458,11734.42576531148,31813.69056372606,14,14,8
01/09/2024,01/12/2022,1212,0.99999998,1211.99997576,0.2035,246.64199506716,1458.64197082716,18614.441627711047,11734.42576531148,30348.867393022527,13,13,8
01/09/2024,01/01/2023,1302,0.99999998,1301.99997396,0.1923,250.374594992508,1552.374568952508,17108.93335782121,11734.42576531148,28843.35912313269,12,12,8
01/09/2024,01/02/2023,1302,0.99999998,1301.99997396,0.1811,235.792195284156,1537.792169244156,15563.849988722879,11734.42576531148,27298.27575403436,11,11,8
01/09/2024,01/03/2023,1302,0.99999998,1301.99997396,0.1719,223.813795523724,1525.813769483724,14032.047019358939,11734.42576531148,25766.47278467042,10,10,8
01/09/2024,01/04/2023,1302,0.99999998,1301.99997396,0.1602,208.58039582839203,1510.580369788392,12513.84994972288,11734.42576531148,24248.27571503436,9,9,8
01/09/2024,01/05/2023,1320,0.99999998,1319.9999736,0.151,199.3199960136,1519.3199696136,10998.899780021886,11734.42576531148,22733.325545333366,8,8,8
01/09/2024,01/06/2023,1320,0.99999998,1319.9999736,0.1398,184.53599630928,1504.53596990928,9486.971810260446,11734.42576531148,21221.397575571926,7,7,8
01/09/2024,01/07/2023,1320,0.99999998,1319.9999736,0.1291,170.41199659176,1490.41197019176,7989.497840209925,11734.42576531148,19723.923605521406,6,6,8
01/09/2024,01/08/2023,1320,0.99999998,1319.9999736,0.1184,156.28799687424,1476.28797047424,6506.147869876926,11734.42576531148,18240.573635188404,5,5,8
01/09/2024,01/09/2023,1320,0.99999998,1319.9999736,0.107,141.2399971752,1461.2399707752,5037.383899252206,11734.42576531148,16771.809664563687,4,4,8
01/09/2024,01/10/2023,1320,0.99999998,1319.9999736,0.0973,128.43599743128,1448.43597103128,3582.5459283489654,11734.42576531148,15316.971693660445,3,3,8
01/09/2024,01/11/2023,1320,0.99999998,1319.9999736,0.0873,115.23599769528,1435.23597129528,2140.709957185685,11734.42576531148,13875.135722497165,2,2,8
01/09/2024,01/12/2023,1320,0.99999998,1319.9999736,0.0781,103.09199793816,1423.09197153816,711.5459857689654,11734.42576531148,12445.971751080446,1,1,8
01/09/2024,01/01/2024,1412,0.99999998,1411.99997176,0.0692,97.710398045792,1509.7103698057922,0.0,10979.570580408585,10979.570580408585,1,0,8
01/09/2024,01/02/2024,1412,0.99999998,1411.99997176,0.0595,84.01399831972,1496.0139700797201,0.0,9476.708410465828,9476.708410465828,2,0,8
01/09/2024,01/03/2024,1412,0.99999998,1411.99997176,0.0515,72.71799854564,1484.7179703056402,0.0,7986.342440273146,7986.342440273146,3,0,8
01/09/2024,01/04/2024,1412,0.99999998,1411.99997176,0.0432,60.998398780032005,1472.998370540032,0.0,6507.484269850311,6507.484269850311,4,0,8
01/09/2024,01/05/2024,1412,0.99999998,1411.99997176,0.0343,48.431599031368,1460.4315707913681,0.0,5040.769299184611,5040.769299184611,5,0,8
01/09/2024,01/06/2024,1412,0.99999998,1411.99997176,0.026,36.71199926576,1448.71197102576,0.0,3586.1975282760463,3586.1975282760463,6,0,8
01/09/2024,01/07/2024,1412,0.99999998,1411.99997176,0.0181,25.557199488856003,1437.557171248856,0.0,2143.062957138738,2143.062957138738,7,0,8
01/09/2024,01/08/2024,1412,0.99999998,1411.99997176,0.0087,12.284399754312,1424.2843715143122,0.0,712.142185757154,712.142185757154,8,0,8
01/10/2024,01/01/2015,788,1.49701,1179.64627,0.3254,383.8569,1563.50316,71469.79227,13250.20773,84720.0,108,108,9
01/10/2024,01/02/2015,788,1.48381,1169.24003,0.3254,380.47071,1549.71074,71469.79227,13250.20773,84720.0,107,107,9
01/10/2024,01/03/2015,788,1.46433,1153.89325,0.3254,375.47686,1529.37012,71469.79227,13250.20773,84720.0,106,106,9
01/10/2024,01/04/2015,788,1.4464,1139.76023,0.3254,370.87798,1510.63821,71469.79227,13250.20773,84720.0,105,105,9
01/10/2024,01/05/2015,788,1.43108,1127.6939,0.3254,366.9516,1494.6455,71469.79227,13250.20773,84720.0,104,104,9
01/10/2024,01/06/2015,788,1.42255,1120.96809,0.3254,364.76302,1485.73111,71469.79227,13250.20773,84720.0,103,103,9
01/10/2024,01/07/2015,788,1.4086,1109.9793,0.3254,361.18726,1471.16656,71469.79227,13250.20773,84720.0,102,102,9
01/10/2024,01/08/2015,788,1.40034,1103.46883,0.3254,359.06876,1462.53759,71469.79227,13250.20773,84720.0,101,101,9
01/10/2024,01/09/2015,788,1.39435,1098.74423,0.3254,357.53137,1456.2756,71469.79227,13250.20773,84720.0,100,100,9
01/10/2024,01/10/2015,788,1.38893,1094.47578,0.3254,356.14242,1450.61819,71469.79227,13250.20773,84720.0,99,99,9
01/10/2024,01/11/2015,788,1.37982,1087.2996,0.3254,353.80729,1441.10689,71469.79227,13250.20773,84720.0,98,98,9
01/10/2024,01/12/2015,788,1.36819,1078.13545,0.3254,350.82527,1428.96072,71469.79227,13250.20773,84720.0,97,97,9
01/10/2024,01/01/2016,880,1.35224,1189.96751,0.3254,387.21543,1577.18294,71469.79227,13250.20773,84720.0,96,96,9
01/10/2024,01/02/2016,880,1.33991,1179.11961,0.3254,383.68552,1562.80513,71469.79227,13250.20773,84720.0,95,95,9
01/10/2024,01/03/2016,880,1.32115,1162.61054,0.3254,378.31347,1540.92401,71469.79227,13250.20773,84720.0,94,94,9
01/10/2024,01/04/2016,880,1.31549,1157.63272,0.3254,376.69369,1534.32641,71469.79227,13250.20773,84720.0,93,93,9
01/10/2024,01/05/2016,880,1.30882,1151.75875,0.3254,374.7823,1526.54105,71469.79227,13250.20773,84720.0,92,92,9
01/10/2024,01/06/2016,880,1.29766,1141.93808,0.3254,371.58665,1513.52473,71469.79227,13250.20773,84720.0,91,91,9
01/10/2024,01/07/2016,880,1.29249,1137.38853,0.3254,370.10623,1507.49476,71469.79227,13250.20773,84720.0,90,90,9
01/10/2024,01/08/2016,880,1.28555,1131.27962,0.3254,368.11839,1499.39801,71469.79227,13250.20773,84720.0,89,89,9
01/10/2024,01/09/2016,880,1.27979,1126.21167,0.3254,366.46928,1492.68095,71469.79227,13250.20773,84720.0,88,88,9
01/10/2024,01/10/2016,880,1.27685,1123.62732,0.3254,365.62833,1489.25565,71469.79227,13250.20773,84720.0,87,87,9
01/10/2024,01/11/2016,880,1.27443,1121.49648,0.3254,364.93496,1486.43144,71469.79227,13250.20773,84720.0,86,86,9
01/10/2024,01/12/2016,880,1.27112,1118.58815,0.3254,363.98858,1482.57674,71469.79227,13250.20773,84720.0,85,85,9
01/10/2024,01/01/2017,937,1.26871,1188.78347,0.3254,386.83014,1575.61361,71469.79227,13250.20773,84720.0,84,84,9
01/10/2024,01/02/2017,937,1.26479,1185.10963,0.3254,385.63467,1570.7443,71469.79227,13250.20773,84720.0,83,83,9
01/10/2024,01/03/2017,937,1.258,1178.74441,0.3254,383.56343,1562.30784,71469.79227,13250.20773,84720.0,82,82,9
01/10/2024,01/04/2017,937,1.25611,1176.97894,0.3254,382.98895,1559.96789,71469.79227,13250.20773,84720.0,81,81,9
01/10/2024,01/05/2017,937,1.25348,1174.51247,0.3254,382.18636,1556.69882,71469.79227,13250.20773,84720.0,80,80,9
01/10/2024,01/06/2017,937,1.25048,1171.70039,0.3254,381.27131,1552.97169,71469.79227,13250.20773,84720.0,79,79,9
01/10/2024,01/07/2017,937,1.24848,1169.82866,0.3254,380.66224,1550.4909,71469.79227,13250.20773,84720.0,78,78,9
01/10/2024,01/08/2017,937,1.25073,1171.93815,0.3254,381.34867,1553.28683,71469.79227,13250.20773,84720.0,77,77,9
01/10/2024,01/09/2017,937,1.24637,1167.85067,0.3254,380.01861,1547.86927,71469.79227,13250.20773,84720.0,76,76,9
01/10/2024,01/10/2017,937,1.245,1166.56745,0.3254,379.60105,1546.16849,71469.79227,13250.20773,84720.0,75,75,9
01/10/2024,01/11/2017,937,1.24078,1162.61455,0.3254,378.31478,1540.92933,71469.79227,13250.20773,84720.0,74,74,9
01/10/2024,01/12/2017,937,1.23683,1158.90606,0.3254,377.10803,1536.01409,71469.79227,13250.20773,84720.0,73,73,9
01/10/2024,01/01/2018,954,1.23251,1175.81674,0.3254,382.61077,1558.42751,71469.79227,13250.20773,84720.0,72,72,9
01/10/2024,01/02/2018,954,1.22772,1171.24887,0.3254,381.12438,1552.37325,71469.79227,13250.20773,84720.0,71,71,9
01/10/2024,01/03/2018,954,1.22308,1166.81497,0.3254,379.68159,1546.49656,71469.79227,13250.20773,84720.0,70,70,9
01/10/2024,01/04/2018,954,1.22185,1165.64933,0.3254,379.30229,1544.95162,71469.79227,13250.20773,84720.0,69,69,9
01/10/2024,01/05/2018,954,1.21929,1163.20659,0.3254,378.50742,1541.71402,71469.79227,13250.20773,84720.0,68,68,9
01/10/2024,01/06/2018,954,1.21759,1161.58038,0.3254,377.97826,1539.55864,71469.79227,13250.20773,84720.0,67,67,9
01/10/2024,01/07/2018,954,1.20422,1148.82838,0.3254,373.82875,1522.65713,71469.79227,13250.20773,84720.0,66,66,9
01/10/2024,01/08/2018,954,1.19656,1141.52264,0.3254,371.45147,1512.9741,71469.79227,13250.20773,84720.0,65,65,9
01/10/2024,01/09/2018,954,1.19501,1140.04059,0.3254,370.96921,1511.0098,71469.79227,13250.20773,84720.0,64,64,9
01/10/2024,01/10/2018,954,1.19394,1139.01547,0.3254,370.63563,1509.6511,71469.79227,13250.20773,84720.0,63,63,9
01/10/2024,01/11/2018,954,1.18705,1132.44727,0.3254,368.49834,1500.94562,71469.79227,13250.20773,84720.0,62,62,9
01/10/2024,01/12/2018,954,1.1848,1130.29971,0.3254,367.79952,1498.09923,71469.79227,13250.20773,84720.0,61,61,9
01/10/2024,01/01/2019,998,1.1867,1184.32585,0.3254,385.37963,1569.70548,71469.79227,13250.20773,84720.0,60,60,9
01/10/2024,01/02/2019,998,1.18315,1180.7835,0.3254,384.22695,1565.01045,71469.79227,13250.20773,84720.0,59,59,9
01/10/2024,01/03/2019,998,1.17914,1176.78244,0.3254,382.92501,1559.70744,71469.79227,13250.20773,84720.0,58,58,9
01/10/2024,01/04/2019,998,1.17281,1170.46194,0.3254,380.86832,1551.33026,71469.79227,13250.20773,84720.0,57,57,9
01/10/2024,01/05/2019,998,1.16442,1162.09486,0.3254,378.14567,1540.24053,71469.79227,13250.20773,84720.0,56,56,9
01/10/2024,01/06/2019,998,1.16036,1158.04172,0.3254,376.82677,1534.86849,71469.79227,13250.20773,84720.0,55,55,9
01/10/2024,01/07/2019,998,1.15967,1157.34731,0.3254,376.60081,1533.94812,71469.79227,13250.20773,84720.0,54,54,9
01/10/2024,01/08/2019,998,1.15862,1156.30663,0.3254,376.26218,1532.56881,71469.79227,13250.20773,84720.0,53,53,9
01/10/2024,01/09/2019,998,1.1577,1155.38232,0.3254,375.96141,1531.34373,71469.79227,13250.20773,84720.0,52,52,9
01/10/2024,01/10/2019,998,1.15666,1154.34342,0.3254,375.62335,1529.96676,71469.79227,13250.20773,84720.0,51,51,9
01/10/2024,01/11/2019,998,1.15562,1153.30545,0.3254,375.28559,1528.59104,71469.79227,13250.20773,84720.0,50,50,9
01/10/2024,01/12/2019,998,1.154,1151.69308,0.3254,374.76093,1526.45401,71469.79227,13250.20773,84720.0,49,49,9
01/10/2024,01/01/2020,1039,1.14201,1186.54836,0.3254,386.10284,1572.65119,71469.79227,13250.20773,84720.0,48,48,9
01/10/2024,01/02/2020,1045,1.13396,1184.98701,0.3254,385.59477,1570.58178,71283.30515,13250.20773,84533.51288,47,47,9
01/10/2024,01/03/2020,1045,1.13147,1182.38576,0.3254,384.74833,1567.13409,69714.44721,13250.20773,82964.65495,46,46,9
01/10/2024,01/04/2020,1045,1.13124,1182.14933,0.3254,384.67139,1566.82072,68147.4698,13250.20773,81397.67754,45,45,9
01/10/2024,01/05/2020,1045,1.13136,1182.26756,0.3254,384.70987,1566.97743,66580.57073,13250.20773,79830.77846,44,44,9
01/10/2024,01/06/2020,1045,1.13807,1189.28434,0.3254,386.99312,1576.27747,65008.94328,13250.20773,78259.15102,43,43,9
01/10/2024,01/07/2020,1045,1.13784,1189.04653,0.3254,386.91574,1575.96227,63432.82341,13250.20773,76683.03115,42,42,9
01/10/2024,01/08/2020,1045,1.13444,1185.49006,0.3254,385.75847,1571.24853,61859.21801,13250.20773,75109.42575,41,41,9
01/10/2024,01/09/2020,1045,1.13184,1182.76969,0.3254,384.87326,1567.64294,60289.77228,13250.20773,73539.98001,40,40,9
01/10/2024,01/10/2020,1045,1.12677,1177.47107,0.3254,383.14908,1560.62015,58725.64073,13250.20773,71975.84847,39,39,9
01/10/2024,01/11/2020,1045,1.11627,1166.50591,0.3254,379.58102,1546.08694,57172.28719,13250.20773,70422.49492,38,38,9
01/10/2024,01/12/2020,1045,1.1073,1157.13314,0.3254,376.53112,1533.66426,55632.41159,13250.20773,68882.61932,37,37,9
01/10/2024,01/01/2021,1100,1.09569,1205.25913,0.3254,392.19132,1597.45045,54066.85423,13250.20773,67317.06197,36,36,9
01/10/2024,01/02/2021,1100,1.08721,1195.93087,0.3254,389.1559,1585.08677,52475.58562,13250.20773,65725.79335,35,35,9
01/10/2024,01/03/2021,1100,1.08202,1190.21783,0.3254,387.29688,1577.51471,50894.28487,13250.20773,64144.49261,34,34,9
01/10/2024,01/04/2021,1100,1.07205,1179.2508,0.3254,383.72821,1562.97901,49324.03801,13250.20773,62574.24575,33,33,9
01/10/2024,01/05/2021,1100,1.06565,1172.21749,0.3254,381.43957,1553.65706,47765.71998,13250.20773,61015.92772,32,32,9
01/10/2024,01/06/2021,1100,1.06098,1167.08232,0.3254,379.76859,1546.85091,46215.466,13250.20773,59465.67373,31,31,9
01/10/2024,01/07/2021,1100,1.05225,1157.47529,0.3254,376.64246,1534.11774,44674.98167,13250.20773,57925.18941,30,30,9
01/10/2024,01/08/2021,1100,1.04473,1149.20103,0.3254,373.95002,1523.15105,43146.34728,13250.20773,56396.55501,29,29,9
01/10/2024,01/09/2021,1100,1.03551,1139.06338,0.3254,370.65122,1509.7146,41629.91445,13250.20773,54880.12219,28,28,9
01/10/2024,01/10/2021,1100,1.02384,1126.22442,0.3254,366.47343,1492.69784,40128.70823,13250.20773,53378.91597,27,27,9
01/10/2024,01/11/2021,1100,1.0117,1112.86998,0.3254,362.12789,1474.99787,38644.86038,13250.20773,51895.06811,26,26,9
01/10/2024,01/12/2021,1100,1.0,1099.99998,0.3254,357.93999,1457.93997,37178.39146,13250.20773,50428.59919,25,25,9
01/10/2024,01/01/2022,1212,1.0,1211.99998,0.3177,385.05239,1597.05237,35650.89529,13250.20773,48901.10302,24,24,9
01/10/2024,01/02/2022,1212,1.0,1211.99998,0.3104,376.20479,1588.20477,34058.26672,13250.20773,47308.47445,23,23,9
01/10/2024,01/03/2022,1212,1.0,1211.99998,0.3028,366.99359,1578.99357,32474.66755,13250.20773,45724.87529,22,22,9
01/10/2024,01/04/2022,1212,1.0,1211.99998,0.2935,355.72199,1567.72197,30901.30978,13250.20773,44151.51752,21,21,9
01/10/2024,01/05/2022,1212,1.0,1211.99998,0.2852,345.66239,1557.66237,29338.61761,13250.20773,42588.82535,20,20,9
01/10/2024,01/06/2022,1212,1.0,1211.99998,0.2749,333.17879,1545.17877,27787.19704,13250.20773,41037.40478,19,19,9
01/10/2024,01/07/2022,1212,1.0,1211.99998,0.2647,320.81639,1532.81637,26248.19948,13250.20773,39498.40721,18,18,9
01/10/2024,01/08/2022,1212,1.0,1211.99998,0.2544,308.33279,1520.33277,24721.62491,13250.20773,37971.83264,17,17,9
01/10/2024,01/09/2022,1212,1.0,1211.99998,0.2427,294.15239,1506.15237,23208.38234,13250.20773,36458.59007,16,16,9
01/10/2024,01/10/2022,1212,1.0,1211.99998,0.232,281.18399,1493.18397,21708.71417,13250.20773,34958.9219,15,15,9
01/10/2024,01/11/2022,1212,1.0,1211.99998,0.2218,268.82159,1480.82157,20221.7114,13250.20773,33471.91913,14,14,9
01/10/2024,01/12/2022,1212,1.0,1211.99998,0.2116,256.45919,1468.45917,18747.07103,13250.20773,31997.27876,13,13,9
01/10/2024,01/01/2023,1302,1.0,1301.99997,0.2004,260.92079,1562.92077,17231.38106,13250.20773,30481.58879,12,12,9
01/10/2024,01/02/2023,1302,1.0,1301.99997,0.1892,246.3384,1548.33837,15675.75149,13250.20773,28925.95922,11,11,9
01/10/2024,01/03/2023,1302,1.0,1301.99997,0.18,234.36,1536.35997,14133.40232,13250.20773,27383.61005,10,10,9
01/10/2024,01/04/2023,1302,1.0,1301.99997,0.1683,219.1266,1521.12657,12604.65905,13250.20773,25854.86678,9,9,9
01/10/2024,01/05/2023,1320,1.0,1319.99997,0.1591,210.012,1530.01197,11079.08978,13250.20773,24329.29751,8,8,9
01/10/2024,01/06/2023,1320,1.0,1319.99997,0.1479,195.228,1515.22797,9556.46981,13250.20773,22806.67754,7,7,9
01/10/2024,01/07/2023,1320,1.0,1319.99997,0.1372,181.104,1501.10397,8048.30384,13250.20773,21298.51157,6,6,9
01/10/2024,01/08/2023,1320,1.0,1319.99997,0.1265,166.98,1486.97997,6554.26187,13250.20773,19804.4696,5,5,9
01/10/2024,01/09/2023,1320,1.0,1319.99997,0.1151,151.932,1471.93197,5074.8059,13250.20773,18325.01363,4,4,9
01/10/2024,01/10/2023,1320,1.0,1319.99997,0.1054,139.128,1459.12797,3609.27593,13250.20773,16859.48366,3,3,9
01/10/2024,01/11/2023,1320,1.0,1319.99997,0.0954,125.928,1445.92797,2156.74796,13250.20773,15406.95569,2,2,9
01/10/2024,01/12/2023,1320,1.0,1319.99997,0.0862,113.784,1433.78397,716.89199,13250.20773,13967.09972,1,1,9
01/10/2024,01/01/2024,1412,1.0,1411.99997,0.0773,109.1476,1521.14757,0.0,12489.63395,12489.63395,1,0,9
01/10/2024,01/02/2024,1412,1.0,1411.99997,0.0676,95.4512,1507.45117,0.0,10975.33458,10975.33458,2,0,9
01/10/2024,01/03/2024,1412,1.0,1411.99997,0.0596,84.1552,1496.15517,0.0,9473.53141,9473.53141,3,0,9
01/10/2024,01/04/2024,1412,1.0,1411.99997,0.0513,72.4356,1484.43557,0.0,7983.23604,7983.23604,4,0,9
01/10/2024,01/05/2024,1412,1.0,1411.99997,0.0424,59.8688,1471.86877,0.0,6505.08387,6505.08387,5,0,9
01/10/2024,01/06/2024,1412,1.0,1411.99997,0.0341,48.1492,1460.14917,0.0,5039.0749,5039.0749,6,0,9
01/10/2024,01/07/2024,1412,1.0,1411.99997,0.0262,36.9944,1448.99437,0.0,3584.50313,3584.50313,7,0,9
01/10/2024,01/08/2024,1412,1.0,1411.99997,0.0171,24.1452,1436.14517,0.0,2141.93336,2141.93336,8,0,9
01/10/2024,01/09/2024,1412,1.0,1411.99997,0.0084,11.8608,1423.86077,0.0,711.93039,711.93039,9,0,9
01/10/2024,01/10/2024,1412,0.0,0.0,0,0.0,0.0,0.0,0.0,0.0,10,0,9
01/10/2024,01/11/2024,1412,0.0,0.0,0,0.0,0.0,0.0,0.0,0.0,11,0,9
01/10/2024,01/12/2024,1412,0.0,0.0,0,0.0,0.0,0.0,0.0,0.0,12,0,9
01/11/2024,01/01/2015,788,1.49701,1179.64627,0.3347,394.82761,1574.47387,69926.4763,14793.5237,84720.0,108,108,10
01/11/2024,01/02/2015,788,1.48381,1169.24003,0.3347,391.34464,1560.58467,69926.4763,14793.5237,84720.0,107,107,10
01/11/2024,01/03/2015,788,1.46433,1153.89325,0.3347,386.20807,1540.10133,69926.4763,14793.5237,84720.0,106,106,10
01/11/2024,01/04/2015,788,1.4464,1139.76023,0.3347,381.47775,1521.23798,69926.4763,14793.5237,84720.0,105,105,10
01/11/2024,01/05/2015,788,1.43108,1127.6939,0.3347,377.43915,1505.13305,69926.4763,14793.5237,84720.0,104,104,10
01/11/2024,01/06/2015,788,1.42255,1120.96809,0.3347,375.18802,1496.15611,69926.4763,14793.5237,84720.0,103,103,10
01/11/2024,01/07/2015,788,1.4086,1109.9793,0.3347,371.51007,1481.48937,69926.4763,14793.5237,84720.0,102,102,10
01/11/2024,01/08/2015,788,1.40034,1103.46883,0.3347,369.33102,1472.79985,69926.4763,14793.5237,84720.0,101,101,10
01/11/2024,01/09/2015,788,1.39435,1098.74423,0.3347,367.74969,1466.49392,69926.4763,14793.5237,84720.0,100,100,10
01/11/2024,01/10/2015,788,1.38893,1094.47578,0.3347,366.32104,1460.79682,69926.4763,14793.5237,84720.0,99,99,10
01/11/2024,01/11/2015,788,1.37982,1087.2996,0.3347,363.91918,1451.21878,69926.4763,14793.5237,84720.0,98,98,10
01/11/2024,01/12/2015,788,1.36819,1078.13545,0.3347,360.85193,1438.98738,69926.4763,14793.5237,84720.0,97,97,10
01/11/2024,01/01/2016,880,1.35224,1189.96751,0.3347,398.28213,1588.24964,69926.4763,14793.5237,84720.0,96,96,10
01/11/2024,01/02/2016,880,1.33991,1179.11961,0.3347,394.65133,1573.77095,69926.4763,14793.5237,84720.0,95,95,10
01/11/2024,01/03/2016,880,1.32115,1162.61054,0.3347,389.12575,1551.73629,69926.4763,14793.5237,84720.0,94,94,10
01/11/2024,01/04/2016,880,1.31549,1157.63272,0.3347,387.45967,1545.09239,69926.4763,14793.5237,84720.0,93,93,10
01/11/2024,01/05/2016,880,1.30882,1151.75875,0.3347,385.49365,1537.2524,69926.4763,14793.5237,84720.0,92,92,10
01/11/2024,01/06/2016,880,1.29766,1141.93808,0.3347,382.20668,1524.14476,69926.4763,14793.5237,84720.0,91,91,10
01/11/2024,01/07/2016,880,1.29249,1137.38853,0.3347,380.68394,1518.07248,69926.4763,14793.5237,84720.0,90,90,10
01/11/2024,01/08/2016,880,1.28555,1131.27962,0.3347,378.63929,1509.91891,69926.4763,14793.5237,84720.0,89,89,10
01/11/2024,01/09/2016,880,1.27979,1126.21167,0.3347,376.94305,1503.15472,69926.4763,14793.5237,84720.0,88,88,10
01/11/2024,01/10/2016,880,1.27685,1123.62732,0.3347,376.07806,1499.70539,69926.4763,14793.5237,84720.0,87,87,10
01/11/2024,01/11/2016,880,1.27443,1121.49648,0.3347,375.36487,1496.86135,69926.4763,14793.5237,84720.0,86,86,10
01/11/2024,01/12/2016,880,1.27112,1118.58815,0.3347,374.39145,1492.97961,69926.4763,14793.5237,84720.0,85,85,10
01/11/2024,01/01/2017,937,1.26871,1188.78347,0.3347,397.88583,1586.6693,69926.4763,14793.5237,84720.0,84,84,10
01/11/2024,01/02/2017,937,1.26479,1185.10963,0.3347,396.65619,1581.76582,69926.4763,14793.5237,84720.0,83,83,10
01/11/2024,01/03/2017,937,1.258,1178.74441,0.3347,394.52575,1573.27016,69926.4763,14793.5237,84720.0,82,82,10
01/11/2024,01/04/2017,937,1.25611,1176.97894,0.3347,393.93485,1570.91379,69926.4763,14793.5237,84720.0,81,81,10
01/11/2024,01/05/2017,937,1.25348,1174.51247,0.3347,393.10932,1567.62179,69926.4763,14793.5237,84720.0,80,80,10
01/11/2024,01/06/2017,937,1.25048,1171.70039,0.3347,392.16812,1563.86851,69926.4763,14793.5237,84720.0,79,79,10
01/11/2024,01/07/2017,937,1.24848,1169.82866,0.3347,391.54165,1561.37031,69926.4763,14793.5237,84720.0,78,78,10
01/11/2024,01/08/2017,937,1.25073,1171.93815,0.3347,392.2477,1564.18585,69926.4763,14793.5237,84720.0,77,77,10
01/11/2024,01/09/2017,937,1.24637,1167.85067,0.3347,390.87962,1558.73029,69926.4763,14793.5237,84720.0,76,76,10
01/11/2024,01/10/2017,937,1.245,1166.56745,0.3347,390.45012,1557.01757,69926.4763,14793.5237,84720.0,75,75,10
01/11/2024,01/11/2017,937,1.24078,1162.61455,0.3347,389.12709,1551.74164,69926.4763,14793.5237,84720.0,74,74,10
01/11/2024,01/12/2017,937,1.23683,1158.90606,0.3347,387.88586,1546.79191,69926.4763,14793.5237,84720.0,73,73,10
01/11/2024,01/01/2018,954,1.23251,1175.81674,0.3347,393.54586,1569.36261,69926.4763,14793.5237,84720.0,72,72,10
01/11/2024,01/02/2018,954,1.22772,1171.24887,0.3347,392.017,1563.26586,69926.4763,14793.5237,84720.0,71,71,10
01/11/2024,01/03/2018,954,1.22308,1166.81497,0.3347,390.53297,1557.34794,69926.4763,14793.5237,84720.0,70,70,10
01/11/2024,01/04/2018,954,1.22185,1165.64933,0.3347,390.14283,1555.79216,69926.4763,14793.5237,84720.0,69,69,10
01/11/2024,01/05/2018,954,1.21929,1163.20659,0.3347,389.32525,1552.53184,69926.4763,14793.5237,84720.0,68,68,10
01/11/2024,01/06/2018,954,1.21759,1161.58038,0.3347,388.78095,1550.36134,69926.4763,14793.5237,84720.0,67,67,10
01/11/2024,01/07/2018,954,1.20422,1148.82838,0.3347,384.51286,1533.34124,69926.4763,14793.5237,84720.0,66,66,10
01/11/2024,01/08/2018,954,1.19656,1141.52264,0.3347,382.06763,1523.59026,69926.4763,14793.5237,84720.0,65,65,10
01/11/2024,01/09/2018,954,1.19501,1140.04059,0.3347,381.57159,1521.61217,69926.4763,14793.5237,84720.0,64,64,10
01/11/2024,01/10/2018,954,1.19394,1139.01547,0.3347,381.22848,1520.24395,69926.4763,14793.5237,84720.0,63,63,10
01/11/2024,01/11/2018,954,1.18705,1132.44727,0.3347,379.0301,1511.47738,69926.4763,14793.5237,84720.0,62,62,10
01/11/2024,01/12/2018,954,1.1848,1130.29971,0.3347,378.31131,1508.61102,69926.4763,14793.5237,84720.0,61,61,10
01/11/2024,01/01/2019,998,1.1867,1184.32585,0.3347,396.39386,1580.71971,69926.4763,14793.5237,84720.0,60,60,10
01/11/2024,01/02/2019,998,1.18315,1180.7835,0.3347,395.20824,1575.99174,69926.4763,14793.5237,84720.0,59,59,10
01/11/2024,01/03/2019,998,1.17914,1176.78244,0.3347,393.86908,1570.65152,69926.4763,14793.5237,84720.0,58,58,10
01/11/2024,01/04/2019,998,1.17281,1170.46194,0.3347,391.75361,1562.21556,69926.4763,14793.5237,84720.0,57,57,10
01/11/2024,01/05/2019,998,1.16442,1162.09486,0.3347,388.95315,1551.04801,69926.4763,14793.5237,84720.0,56,56,10
01/11/2024,01/06/2019,998,1.16036,1158.04172,0.3347,387.59656,1545.63828,69926.4763,14793.5237,84720.0,55,55,10
01/11/2024,01/07/2019,998,1.15967,1157.34731,0.3347,387.36414,1544.71145,69926.4763,14793.5237,84720.0,54,54,10
01/11/2024,01/08/2019,998,1.15862,1156.30663,0.3347,387.01583,1543.32246,69926.4763,14793.5237,84720.0,53,53,10
01/11/2024,01/09/2019,998,1.1577,1155.38232,0.3347,386.70646,1542.08879,69926.4763,14793.5237,84720.0,52,52,10
01/11/2024,01/10/2019,998,1.15666,1154.34342,0.3347,386.35874,1540.70216,69926.4763,14793.5237,84720.0,51,51,10
01/11/2024,01/11/2019,998,1.15562,1153.30545,0.3347,386.01133,1539.31678,69926.4763,14793.5237,84720.0,50,50,10
01/11/2024,01/12/2019,998,1.154,1151.69308,0.3347,385.47167,1537.16475,69926.4763,14793.5237,84720.0,49,49,10
01/11/2024,01/01/2020,1039,1.14201,1186.54836,0.3347,397.13774,1583.68609,69926.4763,14793.5237,84720.0,48,48,10
01/11/2024,01/02/2020,1045,1.13396,1184.98701,0.3347,396.61515,1581.60216,69926.4763,14793.5237,84720.0,47,47,10
01/11/2024,01/03/2020,1045,1.13147,1182.38576,0.3347,395.74451,1578.13028,69926.4763,14793.5237,84720.0,46,46,10
01/11/2024,01/04/2020,1045,1.13124,1182.14933,0.3347,395.66538,1577.81471,68651.78867,14793.5237,83445.31237,45,45,10
01/11/2024,01/05/2020,1045,1.13136,1182.26756,0.3347,395.70495,1577.97252,67073.89505,14793.5237,81867.41876,44,44,10
01/11/2024,01/06/2020,1045,1.13807,1189.28434,0.3347,398.05347,1587.33781,65491.23989,14793.5237,80284.76359,43,43,10
01/11/2024,01/07/2020,1045,1.13784,1189.04653,0.3347,397.97387,1587.0204,63904.06078,14793.5237,78697.58449,42,42,10
01/11/2024,01/08/2020,1045,1.13444,1185.49006,0.3347,396.78352,1582.27358,62319.41379,14793.5237,77112.93749,41,41,10
01/11/2024,01/09/2020,1045,1.13184,1182.76969,0.3347,395.87301,1578.6427,60738.95565,14793.5237,75532.47935,40,40,10
01/11/2024,01/10/2020,1045,1.12677,1177.47107,0.3347,394.09957,1571.57063,59163.84898,14793.5237,73957.37268,39,39,10
01/11/2024,01/11/2020,1045,1.11627,1166.50591,0.3347,390.42953,1556.93544,57599.59594,14793.5237,72393.11965,38,38,10
01/11/2024,01/12/2020,1045,1.1073,1157.13314,0.3347,387.29246,1544.4256,56048.91542,14793.5237,70842.43913,37,37,10
01/11/2024,01/01/2021,1100,1.09569,1205.25913,0.3347,403.40023,1608.65936,54472.37294,14793.5237,69265.89664,36,36,10
01/11/2024,01/02/2021,1100,1.08721,1195.93087,0.3347,400.27806,1596.20893,52869.93879,14793.5237,67663.4625,35,35,10
01/11/2024,01/03/2021,1100,1.08202,1190.21783,0.3347,398.36591,1588.58374,51277.54246,14793.5237,66071.06616,34,34,10
01/11/2024,01/04/2021,1100,1.07205,1179.2508,0.3347,394.69524,1573.94604,49696.27757,14793.5237,64489.80127,33,33,10
01/11/2024,01/05/2021,1100,1.06565,1172.21749,0.3347,392.34119,1564.55868,48127.02521,14793.5237,62920.54891,32,32,10
01/11/2024,01/06/2021,1100,1.06098,1167.08232,0.3347,390.62245,1557.70478,46565.89348,14793.5237,61359.41719,31,31,10
01/11/2024,01/07/2021,1100,1.05225,1157.47529,0.3347,387.40698,1544.88226,45014.59996,14793.5237,59808.12367,30,30,10
01/11/2024,01/08/2021,1100,1.04473,1149.20103,0.3347,384.63759,1533.83862,43475.23952,14793.5237,58268.76323,29,29,10
01/11/2024,01/09/2021,1100,1.03551,1139.06338,0.3347,381.24451,1520.30789,41948.16627,14793.5237,56741.68997,28,28,10
01/11/2024,01/10/2021,1100,1.02384,1126.22442,0.3347,376.94731,1503.17173,40436.42646,14793.5237,55229.95017,27,27,10
01/11/2024,01/11/2021,1100,1.0117,1112.86998,0.3347,372.47758,1485.34756,38942.16682,14793.5237,53735.69052,26,26,10
01/11/2024,01/12/2021,1100,1.0,1099.99998,0.3347,368.16999,1468.16997,37465.40805,14793.5237,52258.93175,25,25,10
01/11/2024,01/01/2022,1212,1.0,1211.99998,0.327,396.32399,1608.32397,35927.16108,14793.5237,50720.68479,24,24,10
01/11/2024,01/02/2022,1212,1.0,1211.99998,0.3197,387.47639,1599.47637,34323.26091,14793.5237,49116.78462,23,23,10
01/11/2024,01/03/2022,1212,1.0,1211.99998,0.3121,378.26519,1590.26517,32728.39015,14793.5237,47521.91385,22,22,10
01/11/2024,01/04/2022,1212,1.0,1211.99998,0.3028,366.99359,1578.99357,31143.76078,14793.5237,45937.28448,21,21,10
01/11/2024,01/05/2022,1212,1.0,1211.99998,0.2945,356.93399,1568.93397,29569.79701,14793.5237,44363.32071,20,20,10
01/11/2024,01/06/2022,1212,1.0,1211.99998,0.2842,344.45039,1556.45037,28007.10484,14793.5237,42800.62854,19,19,10
01/11/2024,01/07/2022,1212,1.0,1211.99998,0.274,332.08799,1544.08797,26456.83567,14793.5237,41250.35937,18,18,10
01/11/2024,01/08/2022,1212,1.0,1211.99998,0.2637,319.60439,1531.60437,24918.9895,14793.5237,39712.51321,17,17,10
01/11/2024,01/09/2022,1212,1.0,1211.99998,0.252,305.42399,1517.42397,23394.47533,14793.5237,38187.99904,16,16,10
01/11/2024,01/10/2022,1212,1.0,1211.99998,0.2413,292.45559,1504.45557,21883.53556,14793.5237,36677.05927,15,15,10
01/11/2024,01/11/2022,1212,1.0,1211.99998,0.2311,280.09319,1492.09317,20385.26119,14793.5237,35178.7849,14,14,10
01/11/2024,01/12/2022,1212,1.0,1211.99998,0.2209,267.73079,1479.73077,18899.34922,14793.5237,33692.87293,13,13,10
01/11/2024,01/01/2023,1302,1.0,1301.99997,0.2097,273.02939,1575.02937,17371.96915,14793.5237,32165.49286,12,12,10
01/11/2024,01/02/2023,1302,1.0,1301.99997,0.1985,258.44699,1560.44697,15804.23098,14793.5237,30597.75469,11,11,10
01/11/2024,01/03/2023,1302,1.0,1301.99997,0.1893,246.4686,1548.46857,14249.77322,14793.5237,29043.29692,10,10,10
01/11/2024,01/04/2023,1302,1.0,1301.99997,0.1776,231.2352,1533.23517,12708.92135,14793.5237,27502.44505,9,9,10
01/11/2024,01/05/2023,1320,1.0,1319.99997,0.1684,222.288,1542.28797,11171.15978,14793.5237,25964.68348,8,8,10
01/11/2024,01/06/2023,1320,1.0,1319.99997,0.1572,207.504,1527.50397,9636.26381,14793.5237,24429.78751,7,7,10
01/11/2024,01/07/2023,1320,1.0,1319.99997,0.1465,193.38,1513.37997,8115.82184,14793.5237,22909.34554,6,6,10
01/11/2024,01/08/2023,1320,1.0,1319.99997,0.1358,179.256,1499.25597,6609.50387,14793.5237,21403.02757,5,5,10
01/11/2024,01/09/2023,1320,1.0,1319.99997,0.1244,164.208,1484.20797,5117.7719,14793.5237,19911.2956,4,4,10
01/11/2024,01/10/2023,1320,1.0,1319.99997,0.1147,151.404,1471.40397,3639.96593,14793.5237,18433.48963,3,3,10
01/11/2024,01/11/2023,1320,1.0,1319.99997,0.1047,138.204,1458.20397,2175.16196,14793.5237,16968.68566,2,2,10
01/11/2024,01/12/2023,1320,1.0,1319.99997,0.0955,126.06,1446.05997,723.02999,14793.5237,15516.55369,1,1,10
01/11/2024,01/01/2024,1412,1.0,1411.99997,0.0866,122.2792,1534.27917,0.0,14026.38412,14026.38412,1,0,10
01/11/2024,01/02/2024,1412,1.0,1411.99997,0.0769,108.5828,1520.58277,0.0,12498.95315,12498.95315,2,0,10
01/11/2024,01/03/2024,1412,1.0,1411.99997,0.0689,97.2868,1509.28677,0.0,10984.01838,10984.01838,3,0,10
01/11/2024,01/04/2024,1412,1.0,1411.99997,0.0606,85.5672,1497.56717,0.0,9480.59141,9480.59141,4,0,10
01/11/2024,01/05/2024,1412,1.0,1411.99997,0.0517,73.0004,1485.00037,0.0,7989.30764,7989.30764,5,0,10
01/11/2024,01/06/2024,1412,1.0,1411.99997,0.0434,61.2808,1473.28077,0.0,6510.16707,6510.16707,6,0,10
01/11/2024,01/07/2024,1412,1.0,1411.99997,0.0355,50.126,1462.12597,0.0,5042.4637,5042.4637,7,0,10
01/11/2024,01/08/2024,1412,1.0,1411.99997,0.0264,37.2768,1449.27677,0.0,3586.76233,3586.76233,8,0,10
01/11/2024,01/09/2024,1412,1.0,1411.99997,0.0177,24.9924,1436.99237,0.0,2143.62776,2143.62776,9,0,10
01/11/2024,01/10/2024,1412,1.0,1411.99997,0.0093,13.1316,1425.13157,0.0,712.56579,712.56579,10,0,10
01/11/2024,01/11/2024,1412,0.0,0.0,0,0.0,0.0,0.0,0.0,0.0,11,0,10
01/11/2024,01/12/2024,1412,0.0,0.0,0,0.0,0.0,0.0,0.0,0.0,12,0,10
01/12/2024,01/01/2015,788,1.49701,1179.64627,0.3426,404.14681,1583.79308,68391.77353,16328.22647,84720.0,108,108,11
01/12/2024,01/02/2015,788,1.48381,1169.24003,0.3426,400.58164,1569.82167,68391.77353,16328.22647,84720.0,107,107,11
01/12/2024,01/03/2015,788,1.46433,1153.89325,0.3426,395.32383,1549.21708,68391.77353,16328.22647,84720.0,106,106,11
01/12/2024,01/04/2015,788,1.4464,1139.76023,0.3426,390.48185,1530.24208,68391.77353,16328.22647,84720.0,105,105,11
01/12/2024,01/05/2015,788,1.43108,1127.6939,0.3426,386.34793,1514.04183,68391.77353,16328.22647,84720.0,104,104,11
01/12/2024,01/06/2015,788,1.42255,1120.96809,0.3426,384.04367,1505.01176,68391.77353,16328.22647,84720.0,103,103,11
01/12/2024,01/07/2015,788,1.4086,1109.9793,0.3426,380.27891,1490.25821,68391.77353,16328.22647,84720.0,102,102,11
01/12/2024,01/08/2015,788,1.40034,1103.46883,0.3426,378.04842,1481.51726,68391.77353,16328.22647,84720.0,101,101,11
01/12/2024,01/09/2015,788,1.39435,1098.74423,0.3426,376.42977,1475.174,68391.77353,16328.22647,84720.0,100,100,11
01/12/2024,01/10/2015,788,1.38893,1094.47578,0.3426,374.9674,1469.44318,68391.77353,16328.22647,84720.0,99,99,11
01/12/2024,01/11/2015,788,1.37982,1087.2996,0.3426,372.50884,1459.80845,68391.77353,16328.22647,84720.0,98,98,11
01/12/2024,01/12/2015,788,1.36819,1078.13545,0.3426,369.3692,1447.50465,68391.77353,16328.22647,84720.0,97,97,11
01/12/2024,01/01/2016,880,1.35224,1189.96751,0.3426,407.68287,1597.65038,68391.77353,16328.22647,84720.0,96,96,11
01/12/2024,01/02/2016,880,1.33991,1179.11961,0.3426,403.96638,1583.08599,68391.77353,16328.22647,84720.0,95,95,11
01/12/2024,01/03/2016,880,1.32115,1162.61054,0.3426,398.31037,1560.92091,68391.77353,16328.22647,84720.0,94,94,11
01/12/2024,01/04/2016,880,1.31549,1157.63272,0.3426,396.60497,1554.23769,68391.77353,16328.22647,84720.0,93,93,11
01/12/2024,01/05/2016,880,1.30882,1151.75875,0.3426,394.59255,1546.3513,68391.77353,16328.22647,84720.0,92,92,11
01/12/2024,01/06/2016,880,1.29766,1141.93808,0.3426,391.22799,1533.16607,68391.77353,16328.22647,84720.0,91,91,11
01/12/2024,01/07/2016,880,1.29249,1137.38853,0.3426,389.66931,1527.05785,68391.77353,16328.22647,84720.0,90,90,11
01/12/2024,01/08/2016,880,1.28555,1131.27962,0.3426,387.5764,1518.85601,68391.77353,16328.22647,84720.0,89,89,11
01/12/2024,01/09/2016,880,1.27979,1126.21167,0.3426,385.84012,1512.05179,68391.77353,16328.22647,84720.0,88,88,11
01/12/2024,01/10/2016,880,1.27685,1123.62732,0.3426,384.95472,1508.58204,68391.77353,16328.22647,84720.0,87,87,11
01/12/2024,01/11/2016,880,1.27443,1121.49648,0.3426,384.22469,1505.72118,68391.77353,16328.22647,84720.0,86,86,11
01/12/2024,01/12/2016,880,1.27112,1118.58815,0.3426,383.2283,1501.81645,68391.77353,16328.22647,84720.0,85,85,11
01/12/2024,01/01/2017,937,1.26871,1188.78347,0.3426,407.27722,1596.06069,68391.77353,16328.22647,84720.0,84,84,11
01/12/2024,01/02/2017,937,1.26479,1185.10963,0.3426,406.01856,1591.12818,68391.77353,16328.22647,84720.0,83,83,11
01/12/2024,01/03/2017,937,1.258,1178.74441,0.3426,403.83783,1582.58224,68391.77353,16328.22647,84720.0,82,82,11
01/12/2024,01/04/2017,937,1.25611,1176.97894,0.3426,403.23298,1580.21192,68391.77353,16328.22647,84720.0,81,81,11
01/12/2024,01/05/2017,937,1.25348,1174.51247,0.3426,402.38797,1576.90044,68391.77353,16328.22647,84720.0,80,80,11
01/12/2024,01/06/2017,937,1.25048,1171.70039,0.3426,401.42455,1573.12494,68391.77353,16328.22647,84720.0,79,79,11
01/12/2024,01/07/2017,937,1.24848,1169.82866,0.3426,400.7833,1570.61195,68391.77353,16328.22647,84720.0,78,78,11
01/12/2024,01/08/2017,937,1.25073,1171.93815,0.3426,401.50601,1573.44416,68391.77353,16328.22647,84720.0,77,77,11
01/12/2024,01/09/2017,937,1.24637,1167.85067,0.3426,400.10564,1567.95631,68391.77353,16328.22647,84720.0,76,76,11
01/12/2024,01/10/2017,937,1.245,1166.56745,0.3426,399.66601,1566.23345,68391.77353,16328.22647,84720.0,75,75,11
01/12/2024,01/11/2017,937,1.24078,1162.61455,0.3426,398.31175,1560.9263,68391.77353,16328.22647,84720.0,74,74,11
01/12/2024,01/12/2017,937,1.23683,1158.90606,0.3426,397.04121,1555.94727,68391.77353,16328.22647,84720.0,73,73,11
01/12/2024,01/01/2018,954,1.23251,1175.81674,0.3426,402.83482,1578.65156,68391.77353,16328.22647,84720.0,72,72,11
01/12/2024,01/02/2018,954,1.22772,1171.24887,0.3426,401.26986,1572.51873,68391.77353,16328.22647,84720.0,71,71,11
01/12/2024,01/03/2018,954,1.22308,1166.81497,0.3426,399.75081,1566.56578,68391.77353,16328.22647,84720.0,70,70,11
01/12/2024,01/04/2018,954,1.22185,1165.64933,0.3426,399.35146,1565.00079,68391.77353,16328.22647,84720.0,69,69,11
01/12/2024,01/05/2018,954,1.21929,1163.20659,0.3426,398.51458,1561.72117,68391.77353,16328.22647,84720.0,68,68,11
01/12/2024,01/06/2018,954,1.21759,1161.58038,0.3426,397.95744,1559.53782,68391.77353,16328.22647,84720.0,67,67,11
01/12/2024,01/07/2018,954,1.20422,1148.82838,0.3426,393.5886,1542.41698,68391.77353,16328.22647,84720.0,66,66,11
01/12/2024,01/08/2018,954,1.19656,1141.52264,0.3426,391.08566,1532.60829,68391.77353,16328.22647,84720.0,65,65,11
01/12/2024,01/09/2018,954,1.19501,1140.04059,0.3426,390.57791,1530.6185,68391.77353,16328.22647,84720.0,64,64,11
01/12/2024,01/10/2018,954,1.19394,1139.01547,0.3426,390.2267,1529.24217,68391.77353,16328.22647,84720.0,63,63,11
01/12/2024,01/11/2018,954,1.18705,1132.44727,0.3426,387.97644,1520.42371,68391.77353,16328.22647,84720.0,62,62,11
01/12/2024,01/12/2018,954,1.1848,1130.29971,0.3426,387.24068,1517.54038,68391.77353,16328.22647,84720.0,61,61,11
01/12/2024,01/01/2019,998,1.1867,1184.32585,0.3426,405.75004,1590.07589,68391.77353,16328.22647,84720.0,60,60,11
01/12/2024,01/02/2019,998,1.18315,1180.7835,0.3426,404.53643,1585.31993,68391.77353,16328.22647,84720.0,59,59,11
01/12/2024,01/03/2019,998,1.17914,1176.78244,0.3426,403.16566,1579.9481,68391.77353,16328.22647,84720.0,58,58,11
01/12/2024,01/04/2019,998,1.17281,1170.46194,0.3426,401.00026,1571.46221,68391.77353,16328.22647,84720.0,57,57,11
01/12/2024,01/05/2019,998,1.16442,1162.09486,0.3426,398.1337,1560.22856,68391.77353,16328.22647,84720.0,56,56,11
01/12/2024,01/06/2019,998,1.16036,1158.04172,0.3426,396.74509,1554.78681,68391.77353,16328.22647,84720.0,55,55,11
01/12/2024,01/07/2019,998,1.15967,1157.34731,0.3426,396.50719,1553.85449,68391.77353,16328.22647,84720.0,54,54,11
01/12/2024,01/08/2019,998,1.15862,1156.30663,0.3426,396.15065,1552.45728,68391.77353,16328.22647,84720.0,53,53,11
01/12/2024,01/09/2019,998,1.1577,1155.38232,0.3426,395.83398,1551.21631,68391.77353,16328.22647,84720.0,52,52,11
01/12/2024,01/10/2019,998,1.15666,1154.34342,0.3426,395.47805,1549.82147,68391.77353,16328.22647,84720.0,51,51,11
01/12/2024,01/11/2019,998,1.15562,1153.30545,0.3426,395.12245,1548.42789,68391.77353,16328.22647,84720.0,50,50,11
01/12/2024,01/12/2019,998,1.154,1151.69308,0.3426,394.57005,1546.26313,68391.77353,16328.22647,84720.0,49,49,11
01/12/2024,01/01/2020,1039,1.14201,1186.54836,0.3426,406.51147,1593.05983,68391.77353,16328.22647,84720.0,48,48,11
01/12/2024,01/02/2020,1045,1.13396,1184.98701,0.3426,405.97655,1590.96356,68391.77353,16328.22647,84720.0,47,47,11
01/12/2024,01/03/2020,1045,1.13147,1182.38576,0.3426,405.08536,1587.47113,68391.77353,16328.22647,84720.0,46,46,11
01/12/2024,01/04/2020,1045,1.13124,1182.14933,0.3426,405.00436,1587.15369,68391.77353,16328.22647,84720.0,45,45,11
01/12/2024,01/05/2020,1045,1.13136,1182.26756,0.3426,405.04487,1587.31243,67492.9555,16328.22647,83821.18198,44,44,11
01/12/2024,01/06/2020,1045,1.13807,1189.28434,0.3426,407.44882,1596.73316,65900.93271,16328.22647,82229.15918,43,43,11
01/12/2024,01/07/2020,1045,1.13784,1189.04653,0.3426,407.36734,1596.41387,64304.35919,16328.22647,80632.58567,42,42,11
01/12/2024,01/08/2020,1045,1.13444,1185.49006,0.3426,406.14889,1591.63896,62710.33278,16328.22647,79038.55925,41,41,11
01/12/2024,01/09/2020,1045,1.13184,1182.76969,0.3426,405.21689,1587.98658,61120.52001,16328.22647,77448.74649,40,40,11
01/12/2024,01/10/2020,1045,1.12677,1177.47107,0.3426,403.40159,1580.87265,59536.0904,16328.22647,75864.31687,39,39,11
01/12/2024,01/11/2020,1045,1.11627,1166.50591,0.3426,399.64493,1566.15084,57962.57865,16328.22647,74290.80512,38,38,11
01/12/2024,01/12/2020,1045,1.1073,1157.13314,0.3426,396.43381,1553.56695,56402.71975,16328.22647,72730.94623,37,37,11
01/12/2024,01/01/2021,1100,1.09569,1205.25913,0.3426,412.92178,1618.18091,54816.84582,16328.22647,71145.0723,36,36,11
01/12/2024,01/02/2021,1100,1.08721,1195.93087,0.3426,409.72592,1605.65678,53204.92698,16328.22647,69533.15345,35,35,11
01/12/2024,01/03/2021,1100,1.08202,1190.21783,0.3426,407.76863,1597.98646,51603.10535,16328.22647,67931.33183,34,34,11
01/12/2024,01/04/2021,1100,1.07205,1179.2508,0.3426,404.01132,1583.26212,50012.48106,16328.22647,66340.70754,33,33,11
01/12/2024,01/05/2021,1100,1.06565,1172.21749,0.3426,401.60171,1573.8192,48433.9404,16328.22647,64762.16688,32,32,11
01/12/2024,01/06/2021,1100,1.06098,1167.08232,0.3426,399.8424,1566.92473,46863.56844,16328.22647,63191.79492,31,31,11
01/12/2024,01/07/2021,1100,1.05225,1157.47529,0.3426,396.55103,1554.02632,45303.09292,16328.22647,61631.31939,30,30,11
01/12/2024,01/08/2021,1100,1.04473,1149.20103,0.3426,393.71627,1542.9173,43754.62111,16328.22647,60082.84758,29,29,11
01/12/2024,01/09/2021,1100,1.03551,1139.06338,0.3426,390.24311,1529.30649,42218.50921,16328.22647,58546.73568,28,28,11
01/12/2024,01/10/2021,1100,1.02384,1126.22442,0.3426,385.84449,1512.0689,40697.82152,16328.22647,57026.04799,27,27,11
01/12/2024,01/11/2021,1100,1.0117,1112.86998,0.3426,381.26925,1494.13923,39194.71745,16328.22647,55522.94392,26,26,11
01/12/2024,01/12/2021,1100,1.0,1099.99998,0.3426,376.85999,1476.85997,37709.21785,16328.22647,54037.44432,25,25,11
01/12/2024,01/01/2022,1212,1.0,1211.99998,0.3349,405.89879,1617.89877,36161.83848,16328.22647,52490.06495,24,24,11
01/12/2024,01/02/2022,1212,1.0,1211.99998,0.3276,397.05119,1609.05117,34548.36351,16328.22647,50876.58998,23,23,11
01/12/2024,01/03/2022,1212,1.0,1211.99998,0.32,387.83999,1599.83997,32943.91794,16328.22647,49272.14441,22,22,11
01/12/2024,01/04/2022,1212,1.0,1211.99998,0.3107,376.56839,1588.56837,31349.71377,16328.22647,47677.94025,21,21,11
01/12/2024,01/05/2022,1212,1.0,1211.99998,0.3024,366.50879,1578.50877,29766.1752,16328.22647,46094.40168,20,20,11
01/12/2024,01/06/2022,1212,1.0,1211.99998,0.2921,354.02519,1566.02517,28193.90824,16328.22647,44522.13471,19,19,11
01/12/2024,01/07/2022,1212,1.0,1211.99998,0.2819,341.66279,1553.66277,26634.06427,16328.22647,42962.29074,18,18,11
01/12/2024,01/08/2022,1212,1.0,1211.99998,0.2716,329.17919,1541.17917,25086.6433,16328.22647,41414.86977,17,17,11
01/12/2024,01/09/2022,1212,1.0,1211.99998,0.2599,314.99879,1526.99877,23552.55433,16328.22647,39880.7808,16,16,11
01/12/2024,01/10/2022,1212,1.0,1211.99998,0.2492,302.03039,1514.03037,22032.03976,16328.22647,38360.26623,15,15,11
01/12/2024,01/11/2022,1212,1.0,1211.99998,0.239,289.66799,1501.66797,20524.19059,16328.22647,36852.41706,14,14,11
01/12/2024,01/12/2022,1212,1.0,1211.99998,0.2288,277.30559,1489.30557,19028.70382,16328.22647,35356.93029,13,13,11
01/12/2024,01/01/2023,1302,1.0,1301.99997,0.2176,283.31519,1585.31517,17491.39345,16328.22647,33819.61992,12,12,11
01/12/2024,01/02/2023,1302,1.0,1301.99997,0.2064,268.73279,1570.73277,15913.36948,16328.22647,32241.59596,11,11,11
01/12/2024,01/03/2023,1302,1.0,1301.99997,0.1972,256.75439,1558.75437,14348.62591,16328.22647,30676.85239,10,10,11
01/12/2024,01/04/2023,1302,1.0,1301.99997,0.1855,241.521,1543.52097,12797.48824,16328.22647,29125.71472,9,9,11
01/12/2024,01/05/2023,1320,1.0,1319.99997,0.1763,232.716,1552.71597,11249.36978,16328.22647,27577.59625,8,8,11
01/12/2024,01/06/2023,1320,1.0,1319.99997,0.1651,217.932,1537.93197,9704.04581,16328.22647,26032.27228,7,7,11
01/12/2024,01/07/2023,1320,1.0,1319.99997,0.1544,203.808,1523.80797,8173.17584,16328.22647,24501.40231,6,6,11
01/12/2024,01/08/2023,1320,1.0,1319.99997,0.1437,189.684,1509.68397,6656.42987,16328.22647,22984.65634,5,5,11
01/12/2024,01/09/2023,1320,1.0,1319.99997,0.1323,174.636,1494.63597,5154.2699,16328.22647,21482.49637,4,4,11
01/12/2024,01/10/2023,1320,1.0,1319.99997,0.1226,161.832,1481.83197,3666.03593,16328.22647,19994.2624,3,3,11
01/12/2024,01/11/2023,1320,1.0,1319.99997,0.1126,148.632,1468.63197,2190.80396,16328.22647,18519.03043,2,2,11
01/12/2024,01/12/2023,1320,1.0,1319.99997,0.1034,136.488,1456.48797,728.24399,16328.22647,17056.47046,1,1,11
01/12/2024,01/01/2024,1412,1.0,1411.99997,0.0945,133.434,1545.43397,0.0,15555.50949,15555.50949,1,0,11
01/12/2024,01/02/2024,1412,1.0,1411.99997,0.0848,119.7376,1531.73757,0.0,14016.92372,14016.92372,2,0,11
01/12/2024,01/03/2024,1412,1.0,1411.99997,0.0768,108.4416,1520.44157,0.0,12490.83415,12490.83415,3,0,11
01/12/2024,01/04/2024,1412,1.0,1411.99997,0.0685,96.722,1508.72197,0.0,10976.25238,10976.25238,4,0,11
01/12/2024,01/05/2024,1412,1.0,1411.99997,0.0596,84.1552,1496.15517,0.0,9473.81381,9473.81381,5,0,11
01/12/2024,01/06/2024,1412,1.0,1411.99997,0.0513,72.4356,1484.43557,0.0,7983.51844,7983.51844,6,0,11
01/12/2024,01/07/2024,1412,1.0,1411.99997,0.0434,61.2808,1473.28077,0.0,6504.66027,6504.66027,7,0,11
01/12/2024,01/08/2024,1412,1.0,1411.99997,0.0343,48.4316,1460.43157,0.0,5037.8041,5037.8041,8,0,11
01/12/2024,01/09/2024,1412,1.0,1411.99997,0.0256,36.1472,1448.14717,0.0,3583.51473,3583.51473,9,0,11
01/12/2024,01/10/2024,1412,1.0,1411.99997,0.0172,24.2864,1436.28637,0.0,2141.29796,2141.29796,10,0,11
01/12/2024,01/11/2024,1412,1.0,1411.99997,0.0079,11.1548,1423.15477,0.0,711.57739,711.57739,11,0,11
01/12/2024,01/12/2024,1412,0.0,0.0,0,0.0,0.0,0.0,0.0,0.0,12,0,11
